timestamp,total_power,fridge,dryer,coffee machine,kettle,washing machine,pc,freezer,occupancy,weather,tod_slot,tariff,cost
2012-06-01 0:00:00,181.67,16.3,63.26,1,0,47.17,32.08,21.86,1,Summer,off-peak hour,0.10,18.17
2012-06-01 1:00:00,81.6,7.92,0.57,1,0,43.84,14.59,13.68,1,Summer,off-peak hour,0.10,8.16
2012-06-01 2:00:00,115.08,28.85,0.56,1,0,47.65,14.7,22.32,1,Summer,off-peak hour,0.10,11.51
2012-06-01 3:00:00,77.46,1.21,0.54,1,0,46.74,14.69,13.28,1,Summer,off-peak hour,0.10,7.75
2012-06-01 4:00:00,154.15,35.54,0.56,1,0,79.41,14.68,22.96,1,Summer,off-peak hour,0.10,15.42
2012-06-01 5:00:00,162.41,1.29,0.56,1,0,131.55,14.65,13.36,1,Summer,off-peak hour,0.10,16.24
2012-06-01 6:00:00,238.33,37.5,0.58,1,0,167.21,9.69,22.35,1,Summer,off-peak hour,0.10,23.83
2012-06-01 7:00:00,231.98,1.4,0.55,1,44.02,161.8,9.67,13.54,1,Summer,off-peak hour,0.10,23.20
2012-06-01 8:00:00,217.37,29.59,17.93,1,0,137.18,9.66,22.01,1,Summer,off-peak hour,0.10,21.74
2012-06-01 9:00:00,518.49,8.23,361.46,1,0,124.06,9.69,14.05,1,Summer,off-peak hour,0.10,51.85
2012-06-01 10:00:00,114.56,28.13,1.18,1,0,52.87,9.71,21.67,1,Summer,off-peak hour,0.10,11.46
2012-06-01 11:00:00,663.19,21.32,0.05,1,0,616.87,9.68,14.27,1,Summer,off-peak hour,0.10,66.32
2012-06-01 12:00:00,180.51,12.4,0.05,1,0,136.08,9.66,21.32,0,Summer,off-peak hour,0.10,18.05
2012-06-01 13:00:00,153.34,31.07,0.05,1,0,96.67,9.7,14.85,0,Summer,off-peak hour,0.10,15.33
2012-06-01 14:00:00,117.51,3.86,0.04,1,0,82.05,9.7,20.86,0,Summer,off-peak hour,0.10,11.75
2012-06-01 15:00:00,140.42,41.83,0.05,1,0,72.85,9.7,14.99,0,Summer,off-peak hour,0.10,14.04
2012-06-01 16:00:00,78.22,3.27,0.04,1,0,43.37,9.66,20.88,0,Summer,off-peak hour,0.10,7.82
2012-06-01 17:00:00,342.41,51.34,0.04,1,0,264.98,9.65,15.4,0,Summer,off-peak hour,0.10,34.24
2012-06-01 18:00:00,308.08,6.67,0.04,1,0,270.11,9.68,20.58,1,Summer,peak hour,0.22,67.78
2012-06-01 19:00:00,549.42,47.36,0.06,1,0,475.66,9.76,15.58,1,Summer,peak hour,0.22,120.87
2012-06-01 20:00:00,265.83,4.02,0.06,1,0,230.86,9.67,20.22,1,Summer,peak hour,0.22,58.48
2012-06-01 21:00:00,590.46,31.02,0.07,1,0,531.91,10.37,16.09,1,Summer,peak hour,0.22,129.90
2012-06-01 22:00:00,911.27,14.86,0.06,1,0,681.84,193.93,19.58,1,Summer,peak hour,0.22,200.48
2012-06-01 23:00:00,403.08,18.41,0.05,1,0,196.12,170.9,16.6,1,Summer,off-peak hour,0.10,40.31
2012-06-02 0:00:00,114.92,24.07,0.05,1,0,39.24,31.37,19.19,1,Summer,off-peak hour,0.10,11.49
2012-06-02 1:00:00,75.05,1.3,0.06,1,0,40.94,14.66,17.09,1,Summer,off-peak hour,0.10,7.51
2012-06-02 2:00:00,113.65,40.52,0.05,1,0,38.54,14.71,18.83,1,Summer,off-peak hour,0.10,11.37
2012-06-02 3:00:00,75.51,1.29,0.05,1,0,41.03,14.68,17.46,1,Summer,off-peak hour,0.10,7.55
2012-06-02 4:00:00,148.48,34.34,0.06,1,0,80.15,14.72,18.21,1,Summer,off-peak hour,0.10,14.85
2012-06-02 5:00:00,84.24,10.57,0.05,1,0,39.82,14.68,18.12,1,Summer,off-peak hour,0.10,8.42
2012-06-02 6:00:00,85.78,13.48,0.06,1,0,39.14,14.68,17.42,1,Summer,off-peak hour,0.10,8.58
2012-06-02 7:00:00,116.16,29.84,0.05,1,0,52.08,14.69,18.5,1,Summer,off-peak hour,0.10,11.62
2012-06-02 8:00:00,254.43,13.32,0.06,1,0,212.69,10.51,16.85,1,Summer,off-peak hour,0.10,25.44
2012-06-02 9:00:00,221.68,36.98,0.04,1,0,155.09,9.68,18.89,0,Summer,off-peak hour,0.10,22.17
2012-06-02 10:00:00,76.38,1.22,0.04,1,0,47.82,9.68,16.62,0,Summer,off-peak hour,0.10,7.64
2012-06-02 11:00:00,110.88,40.33,0.04,1,0,40.67,9.65,19.19,0,Summer,off-peak hour,0.10,11.09
2012-06-02 12:00:00,71.9,1.22,0.03,1,0,43.74,9.65,16.26,1,Summer,off-peak hour,0.10,7.19
2012-06-02 13:00:00,99.32,26.69,0.03,1,0,42.29,9.65,19.66,1,Summer,off-peak hour,0.10,9.93
2012-06-02 14:00:00,82.45,14.65,0.03,0.03,0,42.2,9.66,15.88,0,Summer,off-peak hour,0.10,8.25
2012-06-02 15:00:00,84.53,10,0.03,0.05,0,44.48,9.66,20.31,0,Summer,off-peak hour,0.10,8.45
2012-06-02 16:00:00,108.43,34.45,0.05,0.04,0,44.56,9.66,19.67,0,Summer,off-peak hour,0.10,10.84
2012-06-02 17:00:00,562.18,1.33,0.04,0.02,0,532.86,9.65,18.28,1,Summer,off-peak hour,0.10,56.22
2012-06-02 18:00:00,949.09,47.42,0.04,0.02,0,873.85,9.66,18.1,1,Summer,peak hour,0.22,208.80
2012-06-02 19:00:00,129.41,10.87,0.04,0.03,0,90.53,10.11,17.83,1,Summer,peak hour,0.22,28.47
2012-06-02 20:00:00,121.11,50.82,0.06,0.07,0,42.13,9.68,18.35,1,Summer,peak hour,0.22,26.64
2012-06-02 21:00:00,81.09,10.83,0.06,0.05,0,42.67,9.67,17.81,1,Summer,peak hour,0.22,17.84
2012-06-02 22:00:00,202.88,41.07,0.06,0.02,0.17,119.25,22.16,20.15,1,Summer,peak hour,0.22,44.63
2012-06-02 23:00:00,1013.46,46.95,0.04,0.04,0,754.28,195.38,16.77,1,Summer,off-peak hour,0.10,101.35
2012-06-03 0:00:00,625.65,25.45,0.06,0.03,0,423.88,155.65,20.58,1,Summer,off-peak hour,0.10,62.57
2012-06-03 1:00:00,101.61,19.78,0.05,0.03,0,41.32,25.78,14.65,1,Summer,off-peak hour,0.10,10.16
2012-06-03 2:00:00,111.54,33.55,0.05,0.01,0,41.23,14.71,21.99,1,Summer,off-peak hour,0.10,11.15
2012-06-03 3:00:00,77.64,5.9,0.05,0.01,0,43.36,14.7,13.62,1,Summer,off-peak hour,0.10,7.76
2012-06-03 4:00:00,114.66,38.44,0.06,0.03,0,39.15,14.73,22.25,1,Summer,off-peak hour,0.10,11.47
2012-06-03 5:00:00,104.76,1.56,0.04,0.04,0,74.87,14.69,13.56,1,Summer,off-peak hour,0.10,10.48
2012-06-03 6:00:00,116.86,41.57,0.05,0.01,0,38.82,14.66,21.75,1,Summer,off-peak hour,0.10,11.69
2012-06-03 7:00:00,418.28,1.23,0.05,0.03,0,387.01,14.7,15.26,1,Summer,off-peak hour,0.10,41.83
2012-06-03 8:00:00,1422.31,38.65,0.05,0,0,1348.97,14.6,20.04,1,Summer,off-peak hour,0.10,142.23
2012-06-03 9:00:00,418.98,7.01,189.34,0.01,0,193.33,12.58,16.71,0,Summer,off-peak hour,0.10,41.90
2012-06-03 10:00:00,871.12,31.68,768.77,0.01,0,42.57,9.69,18.4,0,Summer,off-peak hour,0.10,87.11
2012-06-03 11:00:00,902.79,10.72,819.16,0,0,44.87,9.69,18.35,1,Summer,off-peak hour,0.10,90.28
2012-06-03 12:00:00,908.55,20.62,816.49,0.04,0,45.1,9.68,16.62,1,Summer,off-peak hour,0.10,90.86
2012-06-03 13:00:00,158.63,19.64,64.66,0.05,0,44.29,9.67,20.32,1,Summer,off-peak hour,0.10,15.86
2012-06-03 14:00:00,169.55,18.53,0.04,0.01,72.99,53.69,9.68,14.61,1,Summer,off-peak hour,0.10,16.96
2012-06-03 15:00:00,204.82,30.29,0.05,0.01,0.81,141.62,9.66,22.38,1,Summer,off-peak hour,0.10,20.48
2012-06-03 16:00:00,762.44,1.21,0.06,0.01,1,714.14,32.86,13.16,1,Summer,off-peak hour,0.10,76.24
2012-06-03 17:00:00,892.38,52.34,0.07,0,1,787.18,29.24,22.55,1,Summer,off-peak hour,0.10,89.24
2012-06-03 18:00:00,947.41,8.11,0.07,0,1,910.39,13.85,13.99,1,Summer,peak hour,0.22,208.43
2012-06-03 19:00:00,310.24,41.82,0.05,0.02,1,232.35,13.82,21.18,1,Summer,peak hour,0.22,68.25
2012-06-03 20:00:00,480.62,26.59,0.05,0.01,1,402.88,29.75,20.34,1,Summer,peak hour,0.22,105.74
2012-06-03 21:00:00,201.36,13.53,0.07,0.07,1,156.66,9.67,20.36,1,Summer,peak hour,0.22,44.30
2012-06-03 22:00:00,797.68,35.81,0.06,0.04,1,734.12,9.65,17,1,Summer,peak hour,0.22,175.49
2012-06-03 23:00:00,462.74,1.31,0.05,0.01,1,430.77,9.67,19.93,1,Summer,off-peak hour,0.10,46.27
2012-06-04 0:00:00,120.1,41.51,0.05,0.01,1,51.39,9.7,16.44,1,Summer,off-peak hour,0.10,12.01
2012-06-04 1:00:00,79.75,2.84,0.06,0.03,1,46.21,9.68,19.93,1,Summer,off-peak hour,0.10,7.98
2012-06-04 2:00:00,91.94,20.3,0.05,0.03,1,44.75,9.67,16.14,1,Summer,off-peak hour,0.10,9.19
2012-06-04 3:00:00,114.65,23.53,0.05,0.02,1,60.03,9.7,20.32,1,Summer,off-peak hour,0.10,11.47
2012-06-04 4:00:00,155.79,1.31,0.04,0.01,1,128.09,9.65,15.69,1,Summer,off-peak hour,0.10,15.58
2012-06-04 5:00:00,251.31,41.45,0.05,0.02,1,177.91,9.7,21.18,1,Summer,off-peak hour,0.10,25.13
2012-06-04 6:00:00,101.56,1.42,0.06,0.04,1,74.62,9.69,14.73,1,Summer,off-peak hour,0.10,10.16
2012-06-04 7:00:00,152.16,27.8,0.05,0.03,1,92.31,9.69,21.28,1,Summer,off-peak hour,0.10,15.22
2012-06-04 8:00:00,280.29,22.82,0.05,0.02,1,231.86,9.85,14.69,0,Summer,off-peak hour,0.10,28.03
2012-06-04 9:00:00,117.17,2.23,0.05,0.01,1,82.11,9.82,21.95,0,Summer,off-peak hour,0.10,11.72
2012-06-04 10:00:00,132.04,51.64,0.08,0.02,1,54.03,9.68,15.59,0,Summer,off-peak hour,0.10,13.20
2012-06-04 11:00:00,368.15,8.17,0.05,0.04,1,325.98,9.7,23.21,0,Summer,off-peak hour,0.10,36.82
2012-06-04 12:00:00,635.91,47.36,0.06,0.03,1,563.42,9.68,14.36,1,Summer,off-peak hour,0.10,63.59
2012-06-04 13:00:00,198.12,8.39,0.04,0.05,0.94,157.16,9.66,21.88,1,Summer,off-peak hour,0.10,19.81
2012-06-04 14:00:00,147.32,49.21,0.05,0.01,0,72.43,9.7,15.92,1,Summer,off-peak hour,0.10,14.73
2012-06-04 15:00:00,151.63,45.71,0.05,0.02,0,75.67,9.68,20.5,1,Summer,off-peak hour,0.10,15.16
2012-06-04 16:00:00,100.51,6.59,0.05,0.04,0,67.35,9.69,16.79,1,Summer,off-peak hour,0.10,10.05
2012-06-04 17:00:00,194.04,29.41,0.05,0.01,89.68,46.05,9.69,19.15,1,Summer,off-peak hour,0.10,19.40
2012-06-04 18:00:00,116.89,13.37,0.07,0.05,0,75.52,9.8,18.08,1,Summer,peak hour,0.22,25.72
2012-06-04 19:00:00,397.57,43.31,0.1,0.04,0.14,333.02,8.16,12.8,1,Summer,peak hour,0.22,87.47
2012-06-04 20:00:00,768.78,37.54,0.01,0.04,0.07,704.69,8.93,17.5,1,Summer,peak hour,0.22,169.13
2012-06-04 21:00:00,505.16,1.21,0.03,0.05,0.04,478.62,9.23,15.98,1,Summer,peak hour,0.22,111.14
2012-06-04 22:00:00,120.3,21.18,0.02,0.06,0.03,69.66,9.31,20.04,1,Summer,peak hour,0.22,26.47
2012-06-04 23:00:00,90.68,18.32,0.06,0.02,0,48.03,9.68,14.57,1,Summer,off-peak hour,0.10,9.07
2012-06-05 0:00:00,79.22,1.28,0.05,0.03,0,45.77,9.69,22.4,1,Summer,off-peak hour,0.10,7.92
2012-06-05 1:00:00,105.09,38.71,0.05,0.04,0,43.4,9.68,13.21,1,Summer,off-peak hour,0.10,10.51
2012-06-05 2:00:00,79.83,1.29,0.05,0.03,0,46.2,9.68,22.58,1,Summer,off-peak hour,0.10,7.98
2012-06-05 3:00:00,85.19,16.38,0.05,0.04,0,44.51,9.66,14.55,1,Summer,off-peak hour,0.10,8.52
2012-06-05 4:00:00,100.45,24.18,0.05,0.02,0,45.53,9.69,20.98,1,Summer,off-peak hour,0.10,10.05
2012-06-05 5:00:00,129.89,1.4,0.05,0.02,0,102.39,9.68,16.35,1,Summer,off-peak hour,0.10,12.99
2012-06-05 6:00:00,120.11,48.21,0.05,0.02,0,43.03,9.69,19.11,1,Summer,off-peak hour,0.10,12.01
2012-06-05 7:00:00,160.41,1.5,0.05,71.58,59.45,0.09,9.67,18.16,1,Summer,off-peak hour,0.10,16.04
2012-06-05 8:00:00,150.64,28.19,0.05,38.03,0,57.42,9.7,17.25,1,Summer,off-peak hour,0.10,15.06
2012-06-05 9:00:00,124.56,16.05,0.06,31.56,0,46.98,9.69,20.22,1,Summer,off-peak hour,0.10,12.46
2012-06-05 10:00:00,70.08,7.85,0.07,37.29,0,0.1,9.62,15.25,1,Summer,off-peak hour,0.10,7.01
2012-06-05 11:00:00,231.09,37.53,0.05,0.02,57.53,104.24,9.69,22.03,1,Summer,off-peak hour,0.10,23.11
2012-06-05 12:00:00,141.85,4.02,0.05,0.04,40.69,73.99,9.68,13.38,1,Summer,off-peak hour,0.10,14.19
2012-06-05 13:00:00,205.21,37.36,0.05,72.41,0,3.87,69.24,22.28,0,Summer,off-peak hour,0.10,20.52
2012-06-05 14:00:00,70.2,6.87,0.06,0,0,38.73,9.7,14.84,0,Summer,off-peak hour,0.10,7.02
2012-06-05 15:00:00,93.64,21.45,0.05,0.02,0,41.05,9.69,21.38,0,Summer,off-peak hour,0.10,9.36
2012-06-05 16:00:00,96.17,27.25,0.08,0.03,0,43.76,9.64,15.41,0,Summer,off-peak hour,0.10,9.62
2012-06-05 17:00:00,136.95,3.95,0.04,0.02,58.47,44.74,9.71,20.02,0,Summer,off-peak hour,0.10,13.70
2012-06-05 18:00:00,346.26,48.53,0.05,0.02,0,270.79,9.69,17.18,0,Summer,peak hour,0.22,76.18
2012-06-05 19:00:00,217.95,3.26,0.07,0.07,0,186.56,9.67,18.32,0,Summer,peak hour,0.22,47.95
2012-06-05 20:00:00,127.25,35.26,0.05,0.07,0,63.07,9.71,19.09,1,Summer,peak hour,0.22,28.00
2012-06-05 21:00:00,110.12,10.71,0.07,0.07,0,72.69,10.19,16.39,1,Summer,peak hour,0.22,24.23
2012-06-05 22:00:00,314.47,13.59,0.06,0.04,0,132.09,148.1,20.59,1,Summer,peak hour,0.22,69.18
2012-06-05 23:00:00,160.64,31.66,0.05,0.02,0,44.9,69.16,14.85,1,Summer,off-peak hour,0.10,16.06
2012-06-06 0:00:00,85.74,3.96,0.05,0.06,0,44.85,14.67,22.15,1,Summer,off-peak hour,0.10,8.57
2012-06-06 1:00:00,109.21,41.09,0.07,0.01,0,40.03,14.61,13.4,1,Summer,off-peak hour,0.10,10.92
2012-06-06 2:00:00,84.9,4.68,0.05,0.02,0,43.12,14.67,22.36,1,Summer,off-peak hour,0.10,8.49
2012-06-06 3:00:00,94.62,21.44,0.05,0.02,0,43.96,14.67,14.48,1,Summer,off-peak hour,0.10,9.46
2012-06-06 4:00:00,786.1,24.75,0.05,0.07,0,725.78,14.66,20.79,1,Summer,off-peak hour,0.10,78.61
2012-06-06 5:00:00,256.44,6.23,0.05,0.08,0,219.23,14.63,16.22,1,Summer,off-peak hour,0.10,25.64
2012-06-06 6:00:00,113.21,40.15,0.05,0.05,0,38.86,14.68,19.42,1,Summer,off-peak hour,0.10,11.32
2012-06-06 7:00:00,102.92,3.87,0.05,0.04,0,66.87,14.64,17.45,1,Summer,off-peak hour,0.10,10.29
2012-06-06 8:00:00,406.82,34.37,50.57,0.08,56.21,232.91,14.56,18.12,1,Summer,off-peak hour,0.10,40.68
2012-06-06 9:00:00,1598.3,19.72,733.9,52.14,0,759,14.57,18.97,1,Summer,off-peak hour,0.10,159.83
2012-06-06 10:00:00,1298.24,15.1,808.63,8.45,0,434.9,14.64,16.52,1,Summer,off-peak hour,0.10,129.82
2012-06-06 11:00:00,546.92,38.3,166.57,0.04,0,302.32,14.66,25.03,1,Summer,off-peak hour,0.10,54.69
2012-06-06 12:00:00,127.72,4.45,0.05,77.11,0,13.66,14.68,17.77,1,Summer,off-peak hour,0.10,12.77
2012-06-06 13:00:00,120.61,45.44,0.06,0.02,0,40.45,14.58,20.06,1,Summer,off-peak hour,0.10,12.06
2012-06-06 14:00:00,79.62,3.91,0.07,0.01,0,44.82,14.63,16.18,1,Summer,off-peak hour,0.10,7.96
2012-06-06 15:00:00,107.34,31.96,0.07,0.01,0,40.1,14.56,20.64,1,Summer,off-peak hour,0.10,10.73
2012-06-06 16:00:00,98.46,14.84,0.05,0.01,0.69,53.05,14.82,15,0,Summer,off-peak hour,0.10,9.85
2012-06-06 17:00:00,856.6,29.93,0.05,0.03,0.73,789.57,14.66,21.63,0,Summer,off-peak hour,0.10,85.66
2012-06-06 18:00:00,595.14,45.07,0.06,0.05,0,520.79,14.63,14.54,0,Summer,peak hour,0.22,130.93
2012-06-06 19:00:00,148.32,1.42,0.07,0.07,19.5,90.48,14.64,22.14,0,Summer,peak hour,0.22,32.63
2012-06-06 20:00:00,245.93,46.06,0.07,0.08,34.98,130.68,14.59,19.47,0,Summer,peak hour,0.22,54.10
2012-06-06 21:00:00,594.83,4.99,0.06,0.08,0,555.21,14.5,19.99,1,Summer,peak hour,0.22,130.86
2012-06-06 22:00:00,874.16,29.95,0.05,0.02,0,809.32,14.63,20.19,1,Summer,peak hour,0.22,192.32
2012-06-06 23:00:00,91.6,15.05,0.05,0.03,0,47.55,14.65,14.27,1,Summer,off-peak hour,0.10,9.16
2012-06-07 0:00:00,102.27,13.98,0.06,0.02,0,51.33,14.7,22.18,1,Summer,off-peak hour,0.10,10.23
2012-06-07 1:00:00,109.89,32.11,0.05,0.02,0,46.92,14.68,16.11,1,Summer,off-peak hour,0.10,10.99
2012-06-07 2:00:00,85.01,3.97,0.05,0.08,0,47.8,14.69,18.42,1,Summer,off-peak hour,0.10,8.50
2012-06-07 3:00:00,119.73,38.91,0.05,0,0,45.77,14.68,20.32,1,Summer,off-peak hour,0.10,11.97
2012-06-07 4:00:00,91.79,5.84,0.05,0.01,0,57.45,14.68,13.76,1,Summer,off-peak hour,0.10,9.18
2012-06-07 5:00:00,430,18.83,0.05,0.02,0,374.35,14.6,22.15,1,Summer,off-peak hour,0.10,43.00
2012-06-07 6:00:00,240.06,28.6,0.05,0.04,0,180.42,14.66,16.29,1,Summer,off-peak hour,0.10,24.01
2012-06-07 7:00:00,108.02,3.88,0.05,0.06,0,71.61,14.69,17.73,1,Summer,off-peak hour,0.10,10.80
2012-06-07 8:00:00,370.45,42.44,0.05,0.04,73.2,218.94,14.95,20.83,1,Summer,off-peak hour,0.10,37.05
2012-06-07 9:00:00,188.03,17.72,0.05,0.02,0,145.15,11.61,13.48,1,Summer,off-peak hour,0.10,18.80
2012-06-07 10:00:00,98.85,12.15,0.06,0.02,0,55.15,9.7,21.77,1,Summer,off-peak hour,0.10,9.89
2012-06-07 11:00:00,120.64,33.63,0.05,0.02,0,59.02,11.08,16.84,1,Summer,off-peak hour,0.10,12.06
2012-06-07 12:00:00,199.43,31.58,0.05,0.03,0,134.89,9.64,23.24,1,Summer,off-peak hour,0.10,19.94
2012-06-07 13:00:00,510.71,46.53,0.05,0.02,0,436.72,9.69,17.7,0,Summer,off-peak hour,0.10,51.07
2012-06-07 14:00:00,122.53,44.79,0.05,0.02,0,41.96,9.67,26.04,0,Summer,off-peak hour,0.10,12.25
2012-06-07 15:00:00,114.3,44.21,0.05,0.02,0,40.82,9.69,19.51,0,Summer,off-peak hour,0.10,11.43
2012-06-07 16:00:00,78.59,6.35,0.05,0.05,0,42.17,9.7,20.27,0,Summer,off-peak hour,0.10,7.86
2012-06-07 17:00:00,133.56,20.46,0.05,0.01,30.66,50.87,9.66,21.85,1,Summer,off-peak hour,0.10,13.36
2012-06-07 18:00:00,151.93,39.01,0.05,0.03,0,83.09,9.69,20.06,1,Summer,peak hour,0.22,33.42
2012-06-07 19:00:00,133.33,1.81,0.05,0.05,0,104.06,9.7,17.66,1,Summer,peak hour,0.22,29.33
2012-06-07 20:00:00,124.07,44.66,0.06,0.03,0,49.5,9.73,20.09,1,Summer,peak hour,0.22,27.30
2012-06-07 21:00:00,519,4.01,0.07,0.06,0,487.29,9.69,17.88,1,Summer,peak hour,0.22,114.18
2012-06-07 22:00:00,837.62,17.24,0.06,0.02,0,789.67,9.66,20.97,1,Summer,peak hour,0.22,184.28
2012-06-07 23:00:00,122.14,26.08,0.05,0.04,0,70.11,9.71,16.15,1,Summer,off-peak hour,0.10,12.21
2012-06-08 0:00:00,82.95,1.22,0.05,0.03,0,50.61,9.68,21.36,1,Summer,off-peak hour,0.10,8.30
2012-06-08 1:00:00,110.98,39.4,0.05,0.03,0,46.51,9.68,15.31,1,Summer,off-peak hour,0.10,11.10
2012-06-08 2:00:00,78.77,1.11,0.07,0.06,0,46.45,9.66,21.42,1,Summer,off-peak hour,0.10,7.88
2012-06-08 3:00:00,91.02,18.25,0.05,0.02,0,47.69,9.7,15.31,1,Summer,off-peak hour,0.10,9.10
2012-06-08 4:00:00,100.88,22.59,0.05,0.02,0,47.11,9.69,21.42,1,Summer,off-peak hour,0.10,10.09
2012-06-08 5:00:00,104.04,1.45,0.04,0.02,0,77.6,9.7,15.23,1,Summer,off-peak hour,0.10,10.40
2012-06-08 6:00:00,142.38,41.89,0.05,0.01,0,69.41,9.69,21.33,1,Summer,off-peak hour,0.10,14.24
2012-06-08 7:00:00,88.97,1.31,0.05,0.02,0,62.78,9.69,15.12,1,Summer,off-peak hour,0.10,8.90
2012-06-08 8:00:00,227.33,32.27,0.05,95.9,48.31,15.59,13.85,21.36,1,Summer,off-peak hour,0.10,22.73
2012-06-08 9:00:00,148.61,16.88,0.06,0,0,106.76,9.7,15.21,1,Summer,off-peak hour,0.10,14.86
2012-06-08 10:00:00,73.88,1.15,0.07,0,0,41.89,9.66,21.11,1,Summer,off-peak hour,0.10,7.39
2012-06-08 11:00:00,156.62,41.33,0.06,0.02,45.36,44.77,9.67,15.41,1,Summer,off-peak hour,0.10,15.66
2012-06-08 12:00:00,182.06,1.2,0.05,67.28,0,82.22,10.23,21.08,1,Summer,off-peak hour,0.10,18.21
2012-06-08 13:00:00,141.29,25.57,0.07,0.04,25.08,65.29,9.7,15.54,1,Summer,off-peak hour,0.10,14.13
2012-06-08 14:00:00,94.94,17.42,0.05,0.06,0,46.48,9.7,21.23,1,Summer,off-peak hour,0.10,9.49
2012-06-08 15:00:00,1023.69,1.18,0.06,0.06,0,997.43,9.68,15.28,1,Summer,off-peak hour,0.10,102.37
2012-06-08 16:00:00,336.81,41.21,0.05,0.03,0,264.24,9.69,21.59,1,Summer,off-peak hour,0.10,33.68
2012-06-08 17:00:00,470.1,2.06,0.05,0.05,0,443.3,9.88,14.76,1,Summer,off-peak hour,0.10,47.01
2012-06-08 18:00:00,338.58,36.9,0.06,0.09,0,270.37,9.68,21.48,1,Summer,peak hour,0.22,74.49
2012-06-08 19:00:00,486.14,16.97,0.07,0.1,0,444.31,9.63,15.06,1,Summer,peak hour,0.22,106.95
2012-06-08 20:00:00,408.4,17.2,0.35,93.85,0,213.26,62.29,21.45,1,Summer,peak hour,0.22,89.85
2012-06-08 21:00:00,822.58,26.31,585.85,34.55,0,81.96,78.74,15.17,1,Summer,peak hour,0.22,180.97
2012-06-08 22:00:00,1311.86,1.16,815.77,36.81,0,409.54,27.04,21.54,1,Summer,peak hour,0.22,288.61
2012-06-08 23:00:00,1535.55,39.35,800.27,0,0.03,672.2,9.37,14.33,1,Summer,off-peak hour,0.10,153.56
2012-06-09 0:00:00,246.05,1.19,28.38,0.02,0,185.46,9.68,21.32,1,Summer,off-peak hour,0.10,24.61
2012-06-09 1:00:00,87.11,16.06,0.58,0.02,0,45.63,9.66,15.16,1,Summer,off-peak hour,0.10,8.71
2012-06-09 2:00:00,107.13,26.78,0.57,0.03,0,47.7,9.67,22.38,1,Summer,off-peak hour,0.10,10.71
2012-06-09 3:00:00,74.57,3.98,0.55,0.02,0,46.2,9.68,14.14,1,Summer,off-peak hour,0.10,7.46
2012-06-09 4:00:00,117.49,40,0.55,0.01,0,44.73,9.68,22.52,1,Summer,off-peak hour,0.10,11.75
2012-06-09 5:00:00,268.2,6.9,0.54,0.02,0,236.89,9.69,14.16,1,Summer,off-peak hour,0.10,26.82
2012-06-09 6:00:00,296.85,21.83,0.55,0.01,40.93,201.97,9.69,21.87,1,Summer,off-peak hour,0.10,29.69
2012-06-09 7:00:00,165.96,28.01,0.56,70.37,0,42.27,9.7,15.05,1,Summer,off-peak hour,0.10,16.60
2012-06-09 8:00:00,146.97,4.12,0.55,42.27,0,68.47,9.72,21.84,1,Summer,off-peak hour,0.10,14.70
2012-06-09 9:00:00,270.96,43.45,0.54,0,0,202.32,9.78,14.87,1,Summer,off-peak hour,0.10,27.10
2012-06-09 10:00:00,178.12,10.53,0.5,0.01,0,134.92,10.42,21.74,0,Summer,off-peak hour,0.10,17.81
2012-06-09 11:00:00,142.22,19.18,0.05,0.02,0,98.48,9.74,14.75,0,Summer,off-peak hour,0.10,14.22
2012-06-09 12:00:00,190.09,28.55,0.07,0.05,42.03,87.52,9.71,22.16,0,Summer,off-peak hour,0.10,19.01
2012-06-09 13:00:00,125.47,8.53,0.06,0.03,0,93.05,9.67,14.13,0,Summer,off-peak hour,0.10,12.55
2012-06-09 14:00:00,130.32,39.35,0.06,58.94,0,0.08,9.7,22.27,0,Summer,off-peak hour,0.10,13.03
2012-06-09 15:00:00,78.84,8.71,0.05,0,0,46.12,9.69,14.27,0,Summer,off-peak hour,0.10,7.88
2012-06-09 16:00:00,123.5,49.49,0.05,0.01,0,41.92,9.73,22.3,1,Summer,off-peak hour,0.10,12.35
2012-06-09 17:00:00,910.22,14.81,0.07,0.02,0,871.65,9.72,13.95,0,Summer,off-peak hour,0.10,91.02
2012-06-09 18:00:00,933.29,33.35,0.07,0.02,29.95,837.23,9.71,22.96,0,Summer,peak hour,0.22,205.32
2012-06-09 19:00:00,558.99,47.01,0.07,0.05,0,486.37,9.7,15.79,0,Summer,peak hour,0.22,122.98
2012-06-09 20:00:00,1358.71,45.23,0.06,0.06,0,1279.64,9.6,24.12,0,Summer,peak hour,0.22,298.92
2012-06-09 21:00:00,604.62,27.32,0.06,0.08,0,550.43,9.65,17.08,1,Summer,peak hour,0.22,133.02
2012-06-09 22:00:00,208.32,10.93,0.06,0.03,0,164.44,9.68,23.18,1,Summer,peak hour,0.22,45.83
2012-06-09 23:00:00,97.52,35.68,0.05,0.02,0,37.82,9.71,14.24,1,Summer,off-peak hour,0.10,9.75
2012-06-10 0:00:00,81.43,0.96,0.05,0.04,0,47.89,9.71,22.78,1,Summer,off-peak hour,0.10,8.14
2012-06-10 1:00:00,99.38,37.78,0.05,0.03,0,37.94,9.69,13.89,1,Summer,off-peak hour,0.10,9.94
2012-06-10 2:00:00,78.12,2.28,0.04,0.01,0,43.3,9.67,22.82,1,Summer,off-peak hour,0.10,7.81
2012-06-10 3:00:00,76.75,14.58,0.04,0.02,0,38.83,9.69,13.59,1,Summer,off-peak hour,0.10,7.68
2012-06-10 4:00:00,95.31,22.48,0.05,0.07,0,40.5,9.69,22.52,1,Summer,off-peak hour,0.10,9.53
2012-06-10 5:00:00,96.81,1,0.05,0.04,0,71.25,9.69,14.78,1,Summer,off-peak hour,0.10,9.68
2012-06-10 6:00:00,108.2,37.87,0.04,0.03,0,39.37,9.67,21.22,1,Summer,off-peak hour,0.10,10.82
2012-06-10 7:00:00,73.92,2.61,0.05,0.03,0,45.64,9.7,15.89,1,Summer,off-peak hour,0.10,7.39
2012-06-10 8:00:00,396.86,32.99,0.05,0.02,101.65,232.08,9.71,20.36,1,Summer,off-peak hour,0.10,39.69
2012-06-10 9:00:00,221.54,21.78,0.05,0.04,0,173.09,9.7,16.88,1,Summer,off-peak hour,0.10,22.15
2012-06-10 10:00:00,968.59,31.77,0.04,64.72,0,842.77,9.69,19.6,1,Summer,off-peak hour,0.10,96.86
2012-06-10 11:00:00,614.84,12.56,0.05,0.02,0,575.41,9.69,17.11,1,Summer,off-peak hour,0.10,61.48
2012-06-10 12:00:00,233.61,21.11,0.05,0.01,0,183.67,9.68,19.09,1,Summer,off-peak hour,0.10,23.36
2012-06-10 13:00:00,232.52,23.69,0.04,0.04,0,181.11,9.69,17.95,1,Summer,off-peak hour,0.10,23.25
2012-06-10 14:00:00,215.29,5.77,0.05,0.03,0,181.62,9.7,18.12,0,Summer,off-peak hour,0.10,21.53
2012-06-10 15:00:00,230.77,38.31,0.05,0.03,0,163.62,9.72,19.04,0,Summer,off-peak hour,0.10,23.08
2012-06-10 16:00:00,75.17,3.98,0.05,0.01,0,44.41,9.71,17.01,0,Summer,off-peak hour,0.10,7.52
2012-06-10 17:00:00,281.53,39.67,0.05,0.02,0,211.98,9.69,20.12,1,Summer,off-peak hour,0.10,28.15
2012-06-10 18:00:00,129.33,9.18,0.05,0.02,0,93.96,9.71,16.41,1,Summer,peak hour,0.22,28.45
2012-06-10 19:00:00,118.16,21.62,0.07,0.06,0,65.93,9.7,20.78,1,Summer,peak hour,0.22,26.00
2012-06-10 20:00:00,111.15,21.95,0.06,0.09,0,63.82,10.06,15.17,1,Summer,peak hour,0.22,24.45
2012-06-10 21:00:00,288.83,6.18,0.06,0.09,30.87,92.58,137.21,21.84,1,Summer,peak hour,0.22,63.54
2012-06-10 22:00:00,236.85,39.43,0.05,0.06,0,53.85,128.88,14.58,1,Summer,peak hour,0.22,52.11
2012-06-10 23:00:00,105.48,3.95,0.05,0.02,0,58.86,20.41,22.19,1,Summer,off-peak hour,0.10,10.55
2012-06-11 0:00:00,113.29,35.24,0.04,0.02,0,49.06,14.66,14.27,1,Summer,off-peak hour,0.10,11.33
2012-06-11 1:00:00,97.22,9.72,0.05,0.03,0,50.56,14.65,22.21,1,Summer,off-peak hour,0.10,9.72
2012-06-11 2:00:00,94.21,15.79,0.05,0.03,0,49.61,14.71,14.02,1,Summer,off-peak hour,0.10,9.42
2012-06-11 3:00:00,118.93,28.99,0.04,0.01,0,52.41,14.68,22.8,1,Summer,off-peak hour,0.10,11.89
2012-06-11 4:00:00,82.88,3.92,0.04,0.03,0,50.99,14.67,13.23,1,Summer,off-peak hour,0.10,8.29
2012-06-11 5:00:00,246.01,41.45,0.05,0.03,54.07,113,14.62,22.79,1,Summer,off-peak hour,0.10,24.60
2012-06-11 6:00:00,155.12,7.96,0.06,0.02,0,118.29,14.67,14.12,1,Summer,off-peak hour,0.10,15.51
2012-06-11 7:00:00,131.39,34.49,0.05,0.04,0,63.38,11.49,21.94,1,Summer,off-peak hour,0.10,13.14
2012-06-11 8:00:00,142.15,16.89,0.05,0.04,0,100.61,9.67,14.89,1,Summer,off-peak hour,0.10,14.22
2012-06-11 9:00:00,128.56,11.49,0.04,0.02,0,85.68,9.77,21.56,0,Summer,off-peak hour,0.10,12.86
2012-06-11 10:00:00,172.84,33.94,0.05,0.02,0,113.78,9.83,15.22,0,Summer,off-peak hour,0.10,17.28
2012-06-11 11:00:00,765.61,4.78,0.05,0.01,0,729.96,9.78,21.03,0,Summer,off-peak hour,0.10,76.56
2012-06-11 12:00:00,229.77,39.33,0.05,0.03,0,164.84,9.81,15.71,0,Summer,off-peak hour,0.10,22.98
2012-06-11 13:00:00,160.76,4.04,0.06,70.92,0,54.59,9.8,21.35,0,Summer,off-peak hour,0.10,16.08
2012-06-11 14:00:00,116.97,46.53,0.05,0.02,0,44.94,9.82,15.61,0,Summer,off-peak hour,0.10,11.70
2012-06-11 15:00:00,679.41,4.42,582.84,0.01,0.75,61.33,9.81,20.25,1,Summer,off-peak hour,0.10,67.94
2012-06-11 16:00:00,732.96,34.31,603.45,0.05,1,67.64,9.81,16.7,1,Summer,off-peak hour,0.10,73.30
2012-06-11 17:00:00,764.85,11.63,5.91,0.01,1,716.91,9.83,19.56,1,Summer,off-peak hour,0.10,76.49
2012-06-11 18:00:00,210.54,31.3,0.05,0.01,1,150.86,9.86,17.46,1,Summer,peak hour,0.22,46.32
2012-06-11 19:00:00,201.73,24.42,0.05,0.07,1,147.19,9.86,19.14,1,Summer,peak hour,0.22,44.38
2012-06-11 20:00:00,165.65,21.53,0.06,0.08,0.93,109.96,9.96,23.13,1,Summer,peak hour,0.22,36.44
2012-06-11 21:00:00,841.96,45.64,277.9,0.04,34.3,337.28,125.21,21.59,1,Summer,peak hour,0.22,185.23
2012-06-11 22:00:00,1732.39,1.25,819.72,0.06,0,693.34,201.43,16.59,1,Summer,peak hour,0.22,381.13
2012-06-11 23:00:00,624.47,33.84,48.13,0.04,0,441.97,79.97,20.52,1,Summer,off-peak hour,0.10,62.45
2012-06-12 0:00:00,91.75,13.21,0.06,0.03,0,47.76,14.71,15.98,1,Summer,off-peak hour,0.10,9.18
2012-06-12 1:00:00,91.12,11.62,0.04,0.02,0,44.47,14.66,20.31,1,Summer,off-peak hour,0.10,9.11
2012-06-12 2:00:00,115.66,35.62,0.05,0.02,0,49.15,14.7,16.12,1,Summer,off-peak hour,0.10,11.57
2012-06-12 3:00:00,85.85,3.99,0.04,0.05,0,46.48,14.68,20.61,1,Summer,off-peak hour,0.10,8.59
2012-06-12 4:00:00,242.57,35.43,0.03,0.02,0,177.01,14.68,15.4,1,Summer,off-peak hour,0.10,24.26
2012-06-12 5:00:00,275.99,11.31,0.04,0.03,0,228.4,14.66,21.55,1,Summer,off-peak hour,0.10,27.60
2012-06-12 6:00:00,130.62,21.13,0.05,0.01,0,83.56,11.58,14.29,1,Summer,off-peak hour,0.10,13.06
2012-06-12 7:00:00,120.36,25.3,0.05,0.03,0,63.23,9.67,22.08,1,Summer,off-peak hour,0.10,12.04
2012-06-12 8:00:00,249.39,3.85,0.04,0.04,29.06,191.69,10.02,14.69,1,Summer,off-peak hour,0.10,24.94
2012-06-12 9:00:00,222.68,44.86,0.05,114.85,0,31.29,9.85,21.78,0,Summer,off-peak hour,0.10,22.27
2012-06-12 10:00:00,308.98,4.36,0.04,20.05,0,259.72,10.13,14.68,0,Summer,off-peak hour,0.10,30.90
2012-06-12 11:00:00,326.79,36.99,0.06,0.02,0,258.59,9.69,21.44,0,Summer,off-peak hour,0.10,32.68
2012-06-12 12:00:00,95.42,12.27,0.06,0.06,0,58.33,9.69,15.01,0,Summer,off-peak hour,0.10,9.54
2012-06-12 13:00:00,84.31,14.64,0.07,0.04,0,38.32,9.68,21.56,0,Summer,off-peak hour,0.10,8.43
2012-06-12 14:00:00,95.24,31.78,0.06,39.23,0,0.08,9.72,14.45,0,Summer,off-peak hour,0.10,9.52
2012-06-12 15:00:00,74.51,3.87,0.07,0.01,0,38.8,9.63,22.13,0,Summer,off-peak hour,0.10,7.45
2012-06-12 16:00:00,102.05,40.66,0.07,0.04,0,37.86,9.65,13.77,0,Summer,off-peak hour,0.10,10.21
2012-06-12 17:00:00,79.53,5.64,0.06,0.07,0,41.11,9.7,22.95,0,Summer,off-peak hour,0.10,7.95
2012-06-12 18:00:00,118.09,33.77,0.06,0.05,0,61.09,9.66,13.46,1,Summer,peak hour,0.22,25.98
2012-06-12 19:00:00,153.09,26.24,0.07,0.04,0,94.27,9.69,22.78,1,Summer,peak hour,0.22,33.68
2012-06-12 20:00:00,118.48,3.13,0.07,0.06,43.33,46.34,9.69,15.86,1,Summer,peak hour,0.22,26.07
2012-06-12 21:00:00,719.21,41.3,0.07,0.09,33.66,580.27,40.64,23.18,1,Summer,peak hour,0.22,158.23
2012-06-12 22:00:00,932.17,3.99,0.06,0.05,0,718.13,194.92,15.02,1,Summer,peak hour,0.22,205.08
2012-06-12 23:00:00,427.03,31.98,0.05,0.02,0,211.22,162.42,21.34,1,Summer,off-peak hour,0.10,42.70
2012-06-13 0:00:00,105.02,14.18,0.05,0.03,0,46.31,29.3,15.15,1,Summer,off-peak hour,0.10,10.50
2012-06-13 1:00:00,91.54,10.54,0.05,0.02,0,45.3,14.66,20.97,1,Summer,off-peak hour,0.10,9.15
2012-06-13 2:00:00,111.78,35.11,0.05,0.02,0,46.54,14.67,15.39,1,Summer,off-peak hour,0.10,11.18
2012-06-13 3:00:00,87.81,4.1,0.08,0.02,0,48.05,14.73,20.83,1,Summer,off-peak hour,0.10,8.78
2012-06-13 4:00:00,209.27,35.77,0.05,0.02,0,143.12,14.7,15.61,1,Summer,off-peak hour,0.10,20.93
2012-06-13 5:00:00,302.83,9.95,0.06,0.06,54.79,202.61,14.63,20.73,1,Summer,off-peak hour,0.10,30.28
2012-06-13 6:00:00,148.52,32.35,0.06,41.77,0,44.19,14.71,15.44,1,Summer,off-peak hour,0.10,14.85
2012-06-13 7:00:00,219.13,20.12,0.07,56.32,0,107.88,14.62,20.12,1,Summer,off-peak hour,0.10,21.91
2012-06-13 8:00:00,139.83,20.59,0.05,0.05,0,91.22,11.25,16.67,1,Summer,off-peak hour,0.10,13.98
2012-06-13 9:00:00,192.51,27.99,0.06,0.05,0,135.32,9.69,19.4,0,Summer,off-peak hour,0.10,19.25
2012-06-13 10:00:00,70.44,5.31,0.06,0.03,0,38.62,9.69,16.73,0,Summer,off-peak hour,0.10,7.04
2012-06-13 11:00:00,454.43,42.95,0.05,0.02,0,382.56,9.67,19.18,0,Summer,off-peak hour,0.10,45.44
2012-06-13 12:00:00,144.41,3.84,0.06,0.02,0,113.69,9.68,17.12,0,Summer,off-peak hour,0.10,14.44
2012-06-13 13:00:00,111.32,41.81,0.07,0.05,0,40.97,9.66,18.76,0,Summer,off-peak hour,0.10,11.13
2012-06-13 14:00:00,82.35,8.45,0.05,0.02,0,46.22,9.7,17.91,0,Summer,off-peak hour,0.10,8.24
2012-06-13 15:00:00,94.4,22.58,0.04,0.02,0,40.75,12.8,18.21,0,Summer,off-peak hour,0.10,9.44
2012-06-13 16:00:00,173.71,27.7,0.05,0.03,0,43.68,83.99,18.26,0,Summer,off-peak hour,0.10,17.37
2012-06-13 17:00:00,282.9,1.52,0.05,0.03,0,224.99,38.34,17.97,0,Summer,off-peak hour,0.10,28.29
2012-06-13 18:00:00,155.5,45.11,0.05,0.04,0,81.82,9.88,18.6,0,Summer,peak hour,0.22,34.21
2012-06-13 19:00:00,127.43,1.38,0.07,0.09,0,98.81,9.69,17.39,1,Summer,peak hour,0.22,28.03
2012-06-13 20:00:00,253.38,39.21,0.06,0.06,0,97.97,96.89,19.19,1,Summer,peak hour,0.22,55.74
2012-06-13 21:00:00,578.9,1.26,0.07,0.08,0,526.77,33.83,16.89,1,Summer,peak hour,0.22,127.36
2012-06-13 22:00:00,739.8,29.26,0.06,0.05,0,681.01,9.67,19.75,1,Summer,peak hour,0.22,162.76
2012-06-13 23:00:00,345.1,13.63,0.05,0.02,0,305.53,9.71,16.16,1,Summer,off-peak hour,0.10,34.51
2012-06-14 0:00:00,88.4,14.4,0.06,0.04,0,43.94,9.69,20.27,1,Summer,off-peak hour,0.10,8.84
2012-06-14 1:00:00,100.3,29.89,0.06,0.02,0,44.98,9.68,15.67,1,Summer,off-peak hour,0.10,10.03
2012-06-14 2:00:00,78.44,4.02,0.05,0.03,0,43.8,9.69,20.85,1,Summer,off-peak hour,0.10,7.84
2012-06-14 3:00:00,109.76,40.25,0.06,0.02,0,44.7,9.7,15.03,1,Summer,off-peak hour,0.10,10.98
2012-06-14 4:00:00,167.9,4.05,0.05,0.01,0,132.46,9.7,21.63,1,Summer,off-peak hour,0.10,16.79
2012-06-14 5:00:00,251.68,28.14,0.06,0.03,0,199.56,9.66,14.23,1,Summer,off-peak hour,0.10,25.17
2012-06-14 6:00:00,186.58,19.26,0.05,0.05,0,135.72,9.69,21.81,1,Summer,off-peak hour,0.10,18.66
2012-06-14 7:00:00,477.94,23.47,0.05,74.65,63.57,292.41,9.69,14.1,1,Summer,off-peak hour,0.10,47.79
2012-06-14 8:00:00,714.39,27.46,0.06,0.04,0,654.6,9.73,22.5,0,Summer,off-peak hour,0.10,71.44
2012-06-14 9:00:00,515.24,5.19,278.21,0.01,0,208.15,10.19,13.49,0,Summer,off-peak hour,0.10,51.52
2012-06-14 10:00:00,924.07,40.53,804.68,0.02,0,46.52,9.68,22.64,0,Summer,off-peak hour,0.10,92.41
2012-06-14 11:00:00,979.81,5.36,24.36,0.03,0,921.53,9.71,18.82,0,Summer,off-peak hour,0.10,97.98
2012-06-14 12:00:00,317.28,49.96,0.08,0.04,0,237.89,9.79,19.52,0,Summer,off-peak hour,0.10,31.73
2012-06-14 13:00:00,625.17,5.25,0.05,0.05,0,592.79,9.66,17.37,0,Summer,off-peak hour,0.10,62.52
2012-06-14 14:00:00,197.39,37.57,0.05,0.02,0,130.63,9.71,19.41,0,Summer,off-peak hour,0.10,19.74
2012-06-14 15:00:00,79.54,12.08,0.05,0.04,0,41.03,9.69,16.65,0,Summer,off-peak hour,0.10,7.95
2012-06-14 16:00:00,89.25,20.29,0.05,0.04,0,39.62,9.68,19.57,0,Summer,off-peak hour,0.10,8.93
2012-06-14 17:00:00,447.56,32.17,0.04,0.02,0,389.12,9.72,16.49,0,Summer,off-peak hour,0.10,44.76
2012-06-14 18:00:00,324.13,32.89,0.05,0.02,0,261.84,9.65,19.68,1,Summer,peak hour,0.22,71.31
2012-06-14 19:00:00,557.07,16.7,0.06,0.08,0.1,514.12,9.69,16.32,1,Summer,peak hour,0.22,122.56
2012-06-14 20:00:00,759.87,38.5,0.05,0.09,0.61,642.23,51.85,26.54,1,Summer,peak hour,0.22,167.17
2012-06-14 21:00:00,318.99,28.64,0.05,0.07,0,71.29,196.33,22.61,1,Summer,peak hour,0.22,70.18
2012-06-14 22:00:00,253.37,21.84,0.05,0.04,0,64.39,144.1,22.95,1,Summer,peak hour,0.22,55.74
2012-06-14 23:00:00,113.82,25.76,0.06,0.02,0,39.78,23.23,24.97,1,Summer,off-peak hour,0.10,11.38
2012-06-15 0:00:00,85.19,12.15,0.05,0.03,0,38.75,14.72,19.49,1,Summer,off-peak hour,0.10,8.52
2012-06-15 1:00:00,111.25,34.62,0.06,0.04,0,39.11,14.66,22.76,1,Summer,off-peak hour,0.10,11.13
2012-06-15 2:00:00,75.54,4,0.06,0.03,0,38.71,14.72,18.02,1,Summer,off-peak hour,0.10,7.55
2012-06-15 3:00:00,114.73,41.18,0.05,0.02,0,38.61,14.72,20.15,1,Summer,off-peak hour,0.10,11.47
2012-06-15 4:00:00,74.96,3.96,0.05,0.02,0,38.92,14.69,17.32,1,Summer,off-peak hour,0.10,7.50
2012-06-15 5:00:00,529.33,25.38,0.06,0.03,0,470.91,14.51,18.44,1,Summer,off-peak hour,0.10,52.93
2012-06-15 6:00:00,830.2,20.1,0.06,0.03,0,777.54,14.65,17.82,1,Summer,off-peak hour,0.10,83.02
2012-06-15 7:00:00,107.45,4.58,0.06,53.34,0,20.23,11.29,17.95,1,Summer,off-peak hour,0.10,10.75
2012-06-15 8:00:00,397,41.17,0.06,23.02,127.21,178.13,9.71,17.7,0,Summer,off-peak hour,0.10,39.70
2012-06-15 9:00:00,424.49,3.84,0.07,0.02,0,392.9,9.89,17.77,0,Summer,off-peak hour,0.10,42.45
2012-06-15 10:00:00,168.76,41.21,0.05,0.02,0,99.51,9.7,18.27,1,Summer,off-peak hour,0.10,16.88
2012-06-15 11:00:00,797.46,6.62,0.32,0.02,73.85,690.72,14.77,11.16,1,Summer,off-peak hour,0.10,79.75
2012-06-15 12:00:00,675.88,6.15,0.85,0.07,0.85,663.57,0.55,3.84,1,Summer,off-peak hour,0.10,67.59
2012-06-15 13:00:00,217.5,47.32,0.06,0.08,0,144.12,9.7,16.22,1,Summer,off-peak hour,0.10,21.75
2012-06-15 14:00:00,170.38,40.92,0.09,0.08,55.07,44.83,9.65,19.74,1,Summer,off-peak hour,0.10,17.04
2012-06-15 15:00:00,143.67,16.74,0.09,0.07,40.17,52.66,9.68,24.26,1,Summer,off-peak hour,0.10,14.37
2012-06-15 16:00:00,120.06,48.19,0.05,0.09,0,47.39,9.69,14.65,1,Summer,off-peak hour,0.10,12.01
2012-06-15 17:00:00,691.45,3.09,0.06,0.09,0.62,656.79,9.67,21.13,1,Summer,off-peak hour,0.10,69.15
2012-06-15 18:00:00,1293.48,50.07,0.05,0.08,0.8,1216.11,9.66,16.71,1,Summer,peak hour,0.22,284.57
2012-06-15 19:00:00,617.45,26.2,0.06,0.09,0,562.76,9.67,18.67,1,Summer,peak hour,0.22,135.84
2012-06-15 20:00:00,224.94,28.36,0.07,0.08,33.33,134.71,9.74,18.65,1,Summer,peak hour,0.22,49.49
2012-06-15 21:00:00,193.34,46.79,0.06,0.09,0,120.44,9.7,16.26,1,Summer,peak hour,0.22,42.53
2012-06-15 22:00:00,104.25,18.68,0.05,0.04,0,54.61,9.69,21.18,1,Summer,peak hour,0.22,22.94
2012-06-15 23:00:00,508.22,19.1,0.07,0.05,0,465.76,9.67,13.57,1,Summer,off-peak hour,0.10,50.82
2012-06-16 0:00:00,703.68,32.3,0.05,0.06,0,639.15,9.66,22.46,1,Summer,off-peak hour,0.10,70.37
2012-06-16 1:00:00,226.58,1.14,0.05,0.04,0,201.54,9.65,14.16,1,Summer,off-peak hour,0.10,22.66
2012-06-16 2:00:00,110.16,35.7,0.05,0.02,0,43.52,9.68,21.19,1,Summer,off-peak hour,0.10,11.02
2012-06-16 3:00:00,80.23,7.35,0.05,0.03,0,46.91,9.68,16.21,1,Summer,off-peak hour,0.10,8.02
2012-06-16 4:00:00,81.04,6.98,0.07,0.05,0,45.48,9.68,18.78,1,Summer,off-peak hour,0.10,8.10
2012-06-16 5:00:00,144.89,39.56,0.06,0.06,0,77.03,9.68,18.5,1,Summer,off-peak hour,0.10,14.49
2012-06-16 6:00:00,67.08,1.14,0.05,0.03,0,39.84,9.66,16.36,1,Summer,off-peak hour,0.10,6.71
2012-06-16 7:00:00,107.04,29.53,0.05,46.97,0,0.06,9.68,20.81,1,Summer,off-peak hour,0.10,10.70
2012-06-16 8:00:00,297.85,14.1,0.06,27.45,0.33,232.24,9.67,14,1,Summer,off-peak hour,0.10,29.79
2012-06-16 9:00:00,787.72,13.05,0.06,32.18,1,709.11,9.72,22.6,1,Summer,off-peak hour,0.10,78.77
2012-06-16 10:00:00,558.57,28.97,0.05,0.02,1,505.42,9.72,13.39,1,Summer,off-peak hour,0.10,55.86
2012-06-16 11:00:00,156.4,7.05,0.05,0.06,1,116.87,9.7,21.67,1,Summer,off-peak hour,0.10,15.64
2012-06-16 12:00:00,502.84,36.82,0.06,66.42,1,373.24,9.71,15.59,1,Summer,off-peak hour,0.10,50.28
2012-06-16 13:00:00,292.87,7.15,0.05,0.07,1,255.1,9.68,19.82,1,Summer,off-peak hour,0.10,29.29
2012-06-16 14:00:00,177.18,49.94,0.05,0.02,1,98.62,9.69,17.86,1,Summer,off-peak hour,0.10,17.72
2012-06-16 15:00:00,86.88,4.79,0.05,0.08,1,47.12,9.7,24.14,1,Summer,off-peak hour,0.10,8.69
2012-06-16 16:00:00,113.38,32.26,0.1,0.07,1,47.35,9.71,22.89,1,Summer,off-peak hour,0.10,11.34
2012-06-16 17:00:00,167.83,33.38,0.06,0.08,1,105.44,9.64,18.23,1,Summer,off-peak hour,0.10,16.78
2012-06-16 18:00:00,511.56,7.35,0.06,0.1,1,473.06,9.68,20.31,1,Summer,peak hour,0.22,112.54
2012-06-16 19:00:00,449.32,47.95,0.05,0.07,1,372.78,9.66,17.81,1,Summer,peak hour,0.22,98.85
2012-06-16 20:00:00,252.19,2.24,0.05,0.09,1,215.89,9.71,23.21,1,Summer,peak hour,0.22,55.48
2012-06-16 21:00:00,198.1,26.41,0.05,0.08,1,145.36,9.7,15.5,1,Summer,peak hour,0.22,43.58
2012-06-16 22:00:00,917.31,17.31,417.01,0.03,1,450.22,9.66,22.08,1,Summer,peak hour,0.22,201.81
2012-06-16 23:00:00,1171.34,1.3,695.66,0.02,1,448.86,9.68,14.82,1,Summer,off-peak hour,0.10,117.13
2012-06-17 0:00:00,481.03,37.99,9.38,0.04,1,400.86,9.67,22.09,1,Summer,off-peak hour,0.10,48.10
2012-06-17 1:00:00,76.13,0.5,0.05,0.04,1,49.96,9.67,14.91,1,Summer,off-peak hour,0.10,7.61
2012-06-17 2:00:00,95.09,4.48,0.1,0.03,1,58.3,9.67,21.51,1,Summer,off-peak hour,0.10,9.51
2012-06-17 3:00:00,104.51,18.55,0.05,0.05,0.68,60.18,9.68,15.32,1,Summer,off-peak hour,0.10,10.45
2012-06-17 4:00:00,80.93,0.96,0.07,0.07,0,48.93,9.69,21.21,1,Summer,off-peak hour,0.10,8.09
2012-06-17 5:00:00,104.23,31.9,0.08,0.05,0,47.18,9.68,15.34,1,Summer,off-peak hour,0.10,10.42
2012-06-17 6:00:00,132.42,15.08,0.07,0.04,0,86.41,9.63,21.19,1,Summer,off-peak hour,0.10,13.24
2012-06-17 7:00:00,303.29,1.92,0.08,73.62,65.21,137.32,9.71,15.43,1,Summer,off-peak hour,0.10,30.33
2012-06-17 8:00:00,215.34,46.3,0.07,32.19,0,105.81,9.68,21.29,1,Summer,off-peak hour,0.10,21.53
2012-06-17 9:00:00,126.74,1.31,0.05,0.05,0,100.61,9.69,15.03,1,Summer,off-peak hour,0.10,12.67
2012-06-17 10:00:00,217.84,21.12,0.05,0.06,0,165.2,9.68,21.73,0,Summer,off-peak hour,0.10,21.78
2012-06-17 11:00:00,132.85,48.92,0.07,0.06,0,59.1,9.73,14.97,0,Summer,off-peak hour,0.10,13.29
2012-06-17 12:00:00,177.76,4.78,0.05,66.72,0,74.2,9.7,22.31,0,Summer,off-peak hour,0.10,17.78
2012-06-17 13:00:00,129.3,49.15,0.05,0.1,0,53.95,9.69,16.36,0,Summer,off-peak hour,0.10,12.93
2012-06-17 14:00:00,1153.68,48.42,0.05,0.08,0,1074.45,9.69,20.99,1,Summer,off-peak hour,0.10,115.37
2012-06-17 15:00:00,138.6,46.62,0.05,65.71,0,0.06,9.69,16.53,1,Summer,off-peak hour,0.10,13.86
2012-06-17 16:00:00,129.97,45.2,0.05,0.05,0,54.24,9.69,20.74,1,Summer,off-peak hour,0.10,13.00
2012-06-17 17:00:00,127.92,44.27,0.06,0.03,0,57.7,9.68,16.18,1,Summer,off-peak hour,0.10,12.79
2012-06-17 18:00:00,150.92,43.72,0.04,0.05,0,76.34,9.75,21.02,1,Summer,peak hour,0.22,33.20
2012-06-17 19:00:00,211.07,44.74,0.06,0.07,0,138,9.7,18.5,1,Summer,peak hour,0.22,46.44
2012-06-17 20:00:00,126.63,44.25,0.05,0.04,0,48.2,10.16,23.93,1,Summer,peak hour,0.22,27.86
2012-06-17 21:00:00,153.32,33.96,0.07,0.08,0,94.7,9.62,14.89,1,Summer,peak hour,0.22,33.73
2012-06-17 22:00:00,849.55,0.69,0.05,0.02,0,815.75,9.64,23.4,1,Summer,peak hour,0.22,186.90
2012-06-17 23:00:00,506.04,24.56,0.05,0.03,0,457.49,9.69,14.22,1,Summer,off-peak hour,0.10,50.60
2012-06-18 0:00:00,101.07,23.5,0.05,0.04,0,44.83,9.68,22.97,1,Summer,off-peak hour,0.10,10.11
2012-06-18 1:00:00,74.58,1.07,0.05,0.03,0,49.13,9.67,14.63,1,Summer,off-peak hour,0.10,7.46
2012-06-18 2:00:00,120.37,41.82,0.04,0.03,0,48.74,9.12,20.62,1,Summer,off-peak hour,0.10,12.04
2012-06-18 3:00:00,73.34,1.22,0.08,0.04,0,46.79,9.67,15.54,1,Summer,off-peak hour,0.10,7.33
2012-06-18 4:00:00,105.81,26.76,0.11,0.07,0,47.67,9.65,21.55,1,Summer,off-peak hour,0.10,10.58
2012-06-18 5:00:00,375.29,17.23,0.08,0.07,0,332.31,9.67,15.93,1,Summer,off-peak hour,0.10,37.53
2012-06-18 6:00:00,79.24,0.81,0.05,47.81,0,2.29,9.69,20.88,1,Summer,off-peak hour,0.10,7.92
2012-06-18 7:00:00,170.16,43.82,0.06,0.01,0,99.69,9.86,16.72,1,Summer,off-peak hour,0.10,17.02
2012-06-18 8:00:00,298.19,1.06,0.06,0.03,55.39,211.69,9.65,20.31,1,Summer,off-peak hour,0.10,29.82
2012-06-18 9:00:00,591.54,26.36,0.04,0.03,0,538.05,9.67,17.39,1,Summer,off-peak hour,0.10,59.15
2012-06-18 10:00:00,576.71,18.67,0.04,0.02,0,528.58,9.65,19.75,1,Summer,off-peak hour,0.10,57.67
2012-06-18 11:00:00,141.53,21.29,0.06,0.03,0,92.17,9.72,18.26,1,Summer,off-peak hour,0.10,14.15
2012-06-18 12:00:00,766.35,34.12,0.09,0.05,0,700.98,9.72,21.39,0,Summer,off-peak hour,0.10,76.64
2012-06-18 13:00:00,149.41,1.27,0.06,0.03,0,116.92,9.67,21.46,0,Summer,off-peak hour,0.10,14.94
2012-06-18 14:00:00,230.88,41.44,0.06,0.02,0,163.54,9.7,16.12,0,Summer,off-peak hour,0.10,23.09
2012-06-18 15:00:00,81.04,5.35,0.06,0.03,0,43.91,9.62,22.07,0,Summer,off-peak hour,0.10,8.10
2012-06-18 16:00:00,103.88,25,0.04,0.02,0.12,50.29,8.78,19.63,0,Summer,off-peak hour,0.10,10.39
2012-06-18 17:00:00,723.54,33.28,0.13,0.03,48.65,620.49,7.96,13,0,Summer,off-peak hour,0.10,72.35
2012-06-18 18:00:00,110.12,1.42,0.05,0.03,0,79.91,9.66,19.05,0,Summer,peak hour,0.22,24.23
2012-06-18 19:00:00,151.53,45.62,0.05,0.04,0,76.22,9.7,19.9,0,Summer,peak hour,0.22,33.34
2012-06-18 20:00:00,79.76,8.92,0.05,0.09,27,17,9.97,16.73,0,Summer,peak hour,0.22,17.55
2012-06-18 21:00:00,701.77,37.63,0.07,0.08,0,484.64,157.8,21.55,0,Summer,peak hour,0.22,154.39
2012-06-18 22:00:00,1034.05,15.74,0.07,0.05,0,805.29,197.87,15.03,1,Summer,peak hour,0.22,227.49
2012-06-18 23:00:00,172.09,21.09,0.07,0.02,0,69.65,58.09,23.17,1,Summer,off-peak hour,0.10,17.21
2012-06-19 0:00:00,103.61,25.61,0.06,0.04,0,48.31,14.65,14.94,1,Summer,off-peak hour,0.10,10.36
2012-06-19 1:00:00,87.34,2.27,0.06,0.05,0,47.79,14.62,22.55,1,Summer,off-peak hour,0.10,8.73
2012-06-19 2:00:00,117.34,41.27,0.08,0.03,0,45.36,14.7,15.9,1,Summer,off-peak hour,0.10,11.73
2012-06-19 3:00:00,90.06,1.24,0.07,0.03,0,53.04,14.69,20.99,1,Summer,off-peak hour,0.10,9.01
2012-06-19 4:00:00,149.92,35.27,0.09,0.02,0,82.15,14.73,17.66,1,Summer,off-peak hour,0.10,14.99
2012-06-19 5:00:00,216.48,6.96,0.06,0.05,42,133.72,14.67,19.02,1,Summer,off-peak hour,0.10,21.65
2012-06-19 6:00:00,118.42,12.47,0.05,0.03,0,71.74,14.69,19.44,1,Summer,off-peak hour,0.10,11.84
2012-06-19 7:00:00,143.94,34.58,0.07,41.91,0,39.15,11.2,17.03,1,Summer,off-peak hour,0.10,14.39
2012-06-19 8:00:00,694.11,3.76,0.06,70.54,0,588.71,9.89,21.15,1,Summer,off-peak hour,0.10,69.41
2012-06-19 9:00:00,199.69,49.78,0.06,0.03,0,124.87,9.67,15.28,1,Summer,off-peak hour,0.10,19.97
2012-06-19 10:00:00,109.54,9.48,0.05,42.49,0,24.59,9.69,23.24,1,Summer,off-peak hour,0.10,10.95
2012-06-19 11:00:00,306.88,27.02,0.05,9.41,0,245.81,9.73,14.86,1,Summer,off-peak hour,0.10,30.69
2012-06-19 12:00:00,208.88,28.96,0.09,0.03,0,148.01,9.62,22.17,1,Summer,off-peak hour,0.10,20.89
2012-06-19 13:00:00,72.62,2.04,0.05,0.04,0,44.99,9.65,15.85,1,Summer,off-peak hour,0.10,7.26
2012-06-19 14:00:00,116.29,40.48,0.05,0.04,0,44.97,9.72,21.03,0,Summer,off-peak hour,0.10,11.63
2012-06-19 15:00:00,70.56,1.34,0.06,0.03,0,42.37,9.58,17.18,0,Summer,off-peak hour,0.10,7.06
2012-06-19 16:00:00,110.2,37.58,0.05,0.03,0,43.06,9.66,19.82,0,Summer,off-peak hour,0.10,11.02
2012-06-19 17:00:00,76.12,3.35,0.05,0.04,0,43.9,9.63,19.15,0,Summer,off-peak hour,0.10,7.61
2012-06-19 18:00:00,98.81,28.61,0.04,0.02,0,42.87,9.7,17.57,1,Summer,peak hour,0.22,21.74
2012-06-19 19:00:00,701.44,15.17,0.04,0.03,0,655.68,9.68,20.84,1,Summer,peak hour,0.22,154.32
2012-06-19 20:00:00,159.23,40.96,0.03,0.05,0,92.02,9.93,16.24,1,Summer,peak hour,0.22,35.03
2012-06-19 21:00:00,314.5,25.27,0.07,0.08,0,208.33,58.4,22.35,1,Summer,peak hour,0.22,69.19
2012-06-19 22:00:00,355.86,23.66,0.06,0.06,0,121.84,195.38,14.86,1,Summer,peak hour,0.22,78.29
2012-06-19 23:00:00,241.38,20.78,0.05,0.03,0,41.62,155.24,23.66,1,Summer,off-peak hour,0.10,24.14
2012-06-20 0:00:00,93.73,11.79,0.06,0.03,0,41.99,24.15,15.71,1,Summer,off-peak hour,0.10,9.37
2012-06-20 1:00:00,106.52,28.62,0.06,0.03,0,41.98,14.54,21.29,1,Summer,off-peak hour,0.10,10.65
2012-06-20 2:00:00,75.11,1.33,0.08,0.03,0,41.61,14.71,17.35,1,Summer,off-peak hour,0.10,7.51
2012-06-20 3:00:00,115.1,38.2,0.08,0.03,0,42.47,14.68,19.64,1,Summer,off-peak hour,0.10,11.51
2012-06-20 4:00:00,78.29,1.21,0.11,0.02,0,42.73,14.76,19.46,1,Summer,off-peak hour,0.10,7.83
2012-06-20 5:00:00,151.66,25.04,0.06,0.03,0,94.05,14.71,17.77,1,Summer,off-peak hour,0.10,15.17
2012-06-20 6:00:00,802.64,14.54,0.06,0.03,0,754.9,12.6,20.51,1,Summer,off-peak hour,0.10,80.26
2012-06-20 7:00:00,671.81,17.32,0.06,0.03,0,628.35,9.67,16.38,1,Summer,off-peak hour,0.10,67.18
2012-06-20 8:00:00,1078.54,25.53,0.07,0.04,0,1020.82,9.65,22.43,1,Summer,off-peak hour,0.10,107.85
2012-06-20 9:00:00,142.14,1.16,0.07,0.03,54.47,61.95,9.77,14.69,0,Summer,off-peak hour,0.10,14.21
2012-06-20 10:00:00,118.53,37.4,0.07,0.03,0,47.52,9.67,23.84,0,Summer,off-peak hour,0.10,11.85
2012-06-20 11:00:00,71.61,1.13,0.06,0.02,0,45.74,9.68,14.98,0,Summer,off-peak hour,0.10,7.16
2012-06-20 12:00:00,139.67,41.33,0.07,0.06,0,65.04,9.64,23.53,0,Summer,off-peak hour,0.10,13.97
2012-06-20 13:00:00,427.14,22.61,0.06,0.07,0,377.86,9.72,16.82,1,Summer,off-peak hour,0.10,42.71
2012-06-20 14:00:00,1058.31,11.23,0.04,0.06,0,1015.93,9.69,21.36,1,Summer,off-peak hour,0.10,105.83
2012-06-20 15:00:00,370.78,36.14,0.09,0.03,0,306.66,9.67,18.19,0,Summer,off-peak hour,0.10,37.08
2012-06-20 16:00:00,122.81,1.85,0.04,0.02,0,91.75,9.69,19.46,0,Summer,off-peak hour,0.10,12.28
2012-06-20 17:00:00,660.11,50.27,0.06,0.04,0,580.13,9.71,19.9,0,Summer,off-peak hour,0.10,66.01
2012-06-20 18:00:00,154.49,46.25,0.05,0.06,0,80.87,9.7,17.56,1,Summer,peak hour,0.22,33.99
2012-06-20 19:00:00,237.62,35.44,0.06,0.08,0,128.23,51.98,21.83,1,Summer,peak hour,0.22,52.28
2012-06-20 20:00:00,190.48,1.15,0.07,0.08,0,61.84,111.9,15.44,1,Summer,peak hour,0.22,41.91
2012-06-20 21:00:00,396,39.36,0.05,0.08,0.78,173.36,158.72,23.65,1,Summer,peak hour,0.22,87.12
2012-06-20 22:00:00,1009.08,15.31,0.05,0.05,1,737.05,240.22,15.4,1,Summer,peak hour,0.22,222.00
2012-06-20 23:00:00,639.57,4.13,0.06,0.05,1,426.79,185.11,22.43,1,Summer,off-peak hour,0.10,63.96
2012-06-21 0:00:00,162.56,39.89,0.06,0.05,1,44.39,61.02,16.15,1,Summer,off-peak hour,0.10,16.26
2012-06-21 1:00:00,121.03,1.27,0.05,0.03,1,45.88,51.94,20.86,1,Summer,off-peak hour,0.10,12.10
2012-06-21 2:00:00,141.07,27.88,0.09,0.05,1,42.39,52.01,17.65,1,Summer,off-peak hour,0.10,14.11
2012-06-21 3:00:00,131.37,15.95,0.07,0.02,1,43.19,52,19.14,1,Summer,off-peak hour,0.10,13.14
2012-06-21 4:00:00,118.31,1.25,0.1,0.02,1,44.23,51.97,19.74,1,Summer,off-peak hour,0.10,11.83
2012-06-21 5:00:00,428.29,43.54,0.07,0.06,1,314.41,51.95,17.26,1,Summer,off-peak hour,0.10,42.83
2012-06-21 6:00:00,142.21,2.71,0.05,0.04,1,65.67,51.94,20.8,1,Summer,off-peak hour,0.10,14.22
2012-06-21 7:00:00,135.05,16.23,0.07,0.03,1,49.76,51.97,15.99,1,Summer,off-peak hour,0.10,13.51
2012-06-21 8:00:00,253.07,31.38,0.01,64.56,0.6,116.99,19.23,20.3,1,Summer,off-peak hour,0.10,25.31
2012-06-21 9:00:00,116,5.02,0.07,33.61,0,52.68,9.7,14.92,1,Summer,off-peak hour,0.10,11.60
2012-06-21 10:00:00,125.49,50.09,0.07,16.99,0,25.32,9.66,23.36,1,Summer,off-peak hour,0.10,12.55
2012-06-21 11:00:00,332.15,4.66,0.05,0.02,0,300.24,11.84,15.34,1,Summer,off-peak hour,0.10,33.22
2012-06-21 12:00:00,282.63,36.88,0.08,0.03,0,129.29,94.69,21.66,1,Summer,off-peak hour,0.10,28.26
2012-06-21 13:00:00,228.29,27.03,0.06,57.6,0,59.64,63.71,20.25,1,Summer,off-peak hour,0.10,22.83
2012-06-21 14:00:00,1176.33,21.92,0.06,0.04,0,1120.52,13.84,19.95,0,Summer,off-peak hour,0.10,117.63
2012-06-21 15:00:00,117.62,38.01,0.06,45.24,0,0.05,13.8,20.51,0,Summer,off-peak hour,0.10,11.76
2012-06-21 16:00:00,79.48,1.29,0.07,27.87,0,18.75,13.88,17.62,0,Summer,off-peak hour,0.10,7.95
2012-06-21 17:00:00,185.72,46.06,0.07,0.05,0,104.79,13.81,20.94,0,Summer,off-peak hour,0.10,18.57
2012-06-21 18:00:00,247.16,9.93,0.06,0.05,0,206.49,13.82,16.81,0,Summer,peak hour,0.22,54.38
2012-06-21 19:00:00,250.2,48.65,0.05,0.09,0,165.21,13.83,22.37,0,Summer,peak hour,0.22,55.04
2012-06-21 20:00:00,189.44,25.44,0.07,0.06,0,132.76,13.82,17.29,1,Summer,peak hour,0.22,41.68
2012-06-21 21:00:00,183.04,1.27,0.06,0.06,0,143.98,13.77,23.9,1,Summer,peak hour,0.22,40.27
2012-06-21 22:00:00,821,35.73,0.05,0.08,0,756.75,13.8,14.59,1,Summer,peak hour,0.22,180.62
2012-06-21 23:00:00,459.67,1.25,0.05,0.05,0,421.04,13.78,23.5,1,Summer,off-peak hour,0.10,45.97
2012-06-22 0:00:00,121.47,28.82,0.06,0.06,0,64.1,13.82,14.61,1,Summer,off-peak hour,0.10,12.15
2012-06-22 1:00:00,91.86,9.07,0.08,0.05,0,44.99,13.82,23.85,1,Summer,off-peak hour,0.10,9.19
2012-06-22 2:00:00,85.97,15.98,0.08,0.04,0,41.49,13.79,14.59,1,Summer,off-peak hour,0.10,8.60
2012-06-22 3:00:00,101.26,21.96,0.07,0.05,0,42.41,13.82,22.95,1,Summer,off-peak hour,0.10,10.13
2012-06-22 4:00:00,110.28,1.46,0.1,0.04,0,79.79,13.79,15.1,1,Summer,off-peak hour,0.10,11.03
2012-06-22 5:00:00,260.87,39.71,0.06,0.03,0,184.89,13.79,22.39,1,Summer,off-peak hour,0.10,26.09
2012-06-22 6:00:00,72.95,1,0.05,0.04,0,42.98,13.8,15.08,1,Summer,off-peak hour,0.10,7.30
2012-06-22 7:00:00,119.88,34.42,0.05,0.03,0,49.25,13.82,22.31,1,Summer,off-peak hour,0.10,11.99
2012-06-22 8:00:00,127.61,4.13,0.05,65.37,28.19,0.06,13.8,16.07,1,Summer,off-peak hour,0.10,12.76
2012-06-22 9:00:00,245.16,28.77,0.05,38.37,38.79,103.91,13.8,21.47,1,Summer,off-peak hour,0.10,24.52
2012-06-22 10:00:00,118.46,15.47,0.06,20.59,0,52.05,13.8,16.49,1,Summer,off-peak hour,0.10,11.85
2012-06-22 11:00:00,94.21,16.88,0.06,0.04,0,42.35,13.82,21.06,1,Summer,off-peak hour,0.10,9.42
2012-06-22 12:00:00,106.38,31,0.05,0.04,0,44.56,13.82,16.91,1,Summer,off-peak hour,0.10,10.64
2012-06-22 13:00:00,79.13,1.31,0.08,43.18,0,0.04,13.8,20.76,1,Summer,off-peak hour,0.10,7.91
2012-06-22 14:00:00,147.32,44.61,0.06,29.48,0,16.67,34.33,22.17,1,Summer,off-peak hour,0.10,14.73
2012-06-22 15:00:00,150.38,1.46,0.06,0.05,0,117.31,9.68,21.82,1,Summer,off-peak hour,0.10,15.04
2012-06-22 16:00:00,165.2,38.3,0.09,0.04,0,98.86,9.68,18.23,1,Summer,off-peak hour,0.10,16.52
2012-06-22 17:00:00,118.49,9.04,0.08,0.03,0,79.22,9.67,20.45,1,Summer,off-peak hour,0.10,11.85
2012-06-22 18:00:00,135.8,31.17,0.08,0.06,0,76.92,9.65,17.92,1,Summer,peak hour,0.22,29.88
2012-06-22 19:00:00,117.2,12.55,0.07,62.54,0,11.59,9.7,20.75,1,Summer,peak hour,0.22,25.78
2012-06-22 20:00:00,105.74,31.64,0.05,0.04,0,47.27,9.71,17.03,1,Summer,peak hour,0.22,23.26
2012-06-22 21:00:00,195.34,13.59,0.06,0.04,0,150.41,9.62,21.62,1,Summer,peak hour,0.22,42.97
2012-06-22 22:00:00,849.76,20.05,0.05,0.06,0,799.18,9.68,20.74,1,Summer,peak hour,0.22,186.95
2012-06-22 23:00:00,470.26,21.37,0.05,0.04,0,420.37,9.69,18.74,1,Summer,off-peak hour,0.10,47.03
2012-06-23 0:00:00,120.13,1.81,0.06,0.04,0,88.73,9.68,19.81,1,Summer,off-peak hour,0.10,12.01
2012-06-23 1:00:00,127.51,39.23,0.07,0.04,0,60.45,9.65,18.07,1,Summer,off-peak hour,0.10,12.75
2012-06-23 2:00:00,79.01,1.34,0.06,0.04,0,48.05,9.7,19.82,1,Summer,off-peak hour,0.10,7.90
2012-06-23 3:00:00,105.79,32.97,0.07,0.04,0,45.54,9.68,17.49,1,Summer,off-peak hour,0.10,10.58
2012-06-23 4:00:00,96.78,8.48,0.07,0.04,0,58.32,9.67,20.2,1,Summer,off-peak hour,0.10,9.68
2012-06-23 5:00:00,215.83,13.67,0.06,0.04,69.81,105.28,9.67,17.3,1,Summer,off-peak hour,0.10,21.58
2012-06-23 6:00:00,174.04,28.08,0.04,0.03,0,115.88,9.71,20.3,1,Summer,off-peak hour,0.10,17.40
2012-06-23 7:00:00,81.84,1.34,0.05,0.03,0,53.98,9.7,16.74,1,Summer,off-peak hour,0.10,8.18
2012-06-23 8:00:00,271.1,43.01,0.05,79.09,0,118.41,9.67,20.87,1,Summer,off-peak hour,0.10,27.11
2012-06-23 9:00:00,275.72,2.37,0.05,35.54,0,211.08,9.69,16.99,0,Summer,off-peak hour,0.10,27.57
2012-06-23 10:00:00,223.69,46.54,0.06,21.67,0,124.82,9.68,20.92,0,Summer,off-peak hour,0.10,22.37
2012-06-23 11:00:00,438.87,5.31,0.06,0.05,0,407.43,9.65,16.37,0,Summer,off-peak hour,0.10,43.89
2012-06-23 12:00:00,232.52,42.7,0.07,0.07,0,158.77,9.66,21.25,0,Summer,off-peak hour,0.10,23.25
2012-06-23 13:00:00,510.71,15.66,0.05,0.06,0,467.07,9.69,18.18,0,Summer,off-peak hour,0.10,51.07
2012-06-23 14:00:00,204.54,49.08,0.06,101.96,0,21.66,9.69,22.09,0,Summer,off-peak hour,0.10,20.45
2012-06-23 15:00:00,168.36,15.47,0.05,0.09,0,127.2,9.67,15.88,0,Summer,off-peak hour,0.10,16.84
2012-06-23 16:00:00,419.84,33.9,0.05,0.07,0,353.45,9.67,22.7,0,Summer,off-peak hour,0.10,41.98
2012-06-23 17:00:00,88.26,23.55,0.05,0.08,0,39.57,9.7,15.31,0,Summer,off-peak hour,0.10,8.83
2012-06-23 18:00:00,96.62,21.99,0.05,0.06,0,41.56,9.71,23.25,1,Summer,peak hour,0.22,21.26
2012-06-23 19:00:00,88.4,24.67,0.05,0.05,0,38.69,9.67,15.27,1,Summer,peak hour,0.22,19.45
2012-06-23 20:00:00,86.75,9.81,0.06,0.04,0,43.91,9.7,23.23,1,Summer,peak hour,0.22,19.09
2012-06-23 21:00:00,652.42,49.76,0.06,0.06,0,578.02,9.64,14.88,1,Summer,peak hour,0.22,143.53
2012-06-23 22:00:00,911.24,45.62,0.05,0.04,0,832.38,9.67,23.48,1,Summer,peak hour,0.22,200.47
2012-06-23 23:00:00,94.25,20.93,0.06,0.04,0,49.33,9.71,14.18,1,Summer,off-peak hour,0.10,9.43
2012-06-24 0:00:00,91.98,12.28,0.06,0.04,0,46.7,9.67,23.23,1,Summer,off-peak hour,0.10,9.20
2012-06-24 1:00:00,105.26,33.54,0.07,0.05,0,47.59,9.68,14.33,1,Summer,off-peak hour,0.10,10.53
2012-06-24 2:00:00,79.76,1.45,0.09,0.06,0,44.92,9.67,23.57,1,Summer,off-peak hour,0.10,7.98
2012-06-24 3:00:00,111.87,42.54,0.05,0.04,0,44.84,9.69,14.71,1,Summer,off-peak hour,0.10,11.19
2012-06-24 4:00:00,80.06,1.13,0.06,0.03,0,46.29,9.7,22.85,1,Summer,off-peak hour,0.10,8.01
2012-06-24 5:00:00,134.91,25.81,0.06,0.04,0,84.61,9.69,14.7,1,Summer,off-peak hour,0.10,13.49
2012-06-24 6:00:00,106.88,16.94,0.05,0.04,0,57.45,9.69,22.71,1,Summer,off-peak hour,0.10,10.69
2012-06-24 7:00:00,273.19,7.91,0.06,0.03,0,240.2,9.71,15.28,1,Summer,off-peak hour,0.10,27.32
2012-06-24 8:00:00,180.34,41.84,0.05,0.04,0,106.69,9.68,22.04,1,Summer,off-peak hour,0.10,18.03
2012-06-24 9:00:00,102.85,1.03,0.06,0.05,56.09,20.16,9.7,15.76,1,Summer,off-peak hour,0.10,10.29
2012-06-24 10:00:00,106.28,32.75,0.06,0.03,0,42.31,9.71,21.42,1,Summer,off-peak hour,0.10,10.63
2012-06-24 11:00:00,76.39,8.16,0.05,0.03,0,41.53,9.69,16.93,1,Summer,off-peak hour,0.10,7.64
2012-06-24 12:00:00,88.53,15.41,0.05,0.06,0,42.28,9.67,21.06,1,Summer,off-peak hour,0.10,8.85
2012-06-24 13:00:00,96.07,25.62,0.05,0.07,0,43.29,9.7,17.34,1,Summer,off-peak hour,0.10,9.61
2012-06-24 14:00:00,75.81,1.23,0.06,0.06,0,44.63,9.7,20.13,1,Summer,off-peak hour,0.10,7.58
2012-06-24 15:00:00,110.28,40.04,0.05,0.05,0,42.05,9.67,18.42,1,Summer,off-peak hour,0.10,11.03
2012-06-24 16:00:00,73.66,1.28,0.05,0.04,0,42.74,9.67,19.88,1,Summer,off-peak hour,0.10,7.37
2012-06-24 17:00:00,99.12,29.41,0.06,0.04,0,41.34,9.68,18.59,1,Summer,off-peak hour,0.10,9.91
2012-06-24 18:00:00,86.03,13.33,0.07,0.06,0,43.48,9.68,19.41,1,Summer,peak hour,0.22,18.93
2012-06-24 19:00:00,123.56,9.13,0.05,0.04,0,85.67,9.69,18.98,1,Summer,peak hour,0.22,27.18
2012-06-24 20:00:00,135.88,40.57,0.05,0.07,0,65.88,9.96,19.35,1,Summer,peak hour,0.22,29.89
2012-06-24 21:00:00,154.96,1.17,0.06,0.08,0,125.26,9.61,18.78,1,Summer,peak hour,0.22,34.09
2012-06-24 22:00:00,116.07,41.69,0.06,0.05,0,45.17,9.71,19.39,1,Summer,peak hour,0.22,25.54
2012-06-24 23:00:00,78.33,1.33,0.06,0.06,0,47.98,9.68,19.22,1,Summer,off-peak hour,0.10,7.83
2012-06-25 0:00:00,104.13,26.44,0.06,0.05,0,48.96,9.67,18.95,1,Summer,off-peak hour,0.10,10.41
2012-06-25 1:00:00,89.92,15.15,0.07,0.04,0,45.53,9.67,19.46,1,Summer,off-peak hour,0.10,8.99
2012-06-25 2:00:00,81.67,6.73,0.08,0.05,0,46.85,9.67,18.29,1,Summer,off-peak hour,0.10,8.17
2012-06-25 3:00:00,109.41,33.94,0.05,0.04,0,45.08,9.7,20.6,1,Summer,off-peak hour,0.10,10.94
2012-06-25 4:00:00,112.62,1.36,0.07,0.05,0,83.83,9.67,17.64,1,Summer,off-peak hour,0.10,11.26
2012-06-25 5:00:00,621.79,39.83,0.06,0.06,0,551.59,9.67,20.58,1,Summer,off-peak hour,0.10,62.18
2012-06-25 6:00:00,230.1,2.74,0.07,0.04,0,200.54,9.67,17.04,1,Summer,off-peak hour,0.10,23.01
2012-06-25 7:00:00,102.52,17.82,0.07,0.03,53.71,2.35,9.68,21.21,1,Summer,off-peak hour,0.10,10.25
2012-06-25 8:00:00,244.43,23.42,60.89,0.05,0,134.11,9.64,16.32,1,Summer,off-peak hour,0.10,24.44
2012-06-25 9:00:00,1022.46,1.26,772.73,0.04,0,216.22,10.15,22.06,0,Summer,off-peak hour,0.10,102.25
2012-06-25 10:00:00,989.2,42.45,509.86,0.04,0,410.62,10.1,16.13,0,Summer,off-peak hour,0.10,98.92
2012-06-25 11:00:00,370.4,1.31,0.86,0.03,0,336.2,9.68,22.32,0,Summer,off-peak hour,0.10,37.04
2012-06-25 12:00:00,850.04,45.95,0.09,0.05,0,776.75,9.68,17.52,0,Summer,off-peak hour,0.10,85.00
2012-06-25 13:00:00,469.91,10.3,0.08,0.04,0.23,427.35,9.67,22.24,0,Summer,off-peak hour,0.10,46.99
2012-06-25 14:00:00,93.38,13.75,0.06,0.03,1,52.3,9.68,16.56,0,Summer,off-peak hour,0.10,9.34
2012-06-25 15:00:00,110.21,30.72,0.07,0.05,0.19,47.27,9.79,22.12,0,Summer,off-peak hour,0.10,11.02
2012-06-25 16:00:00,73.26,1.22,0.06,0.04,0.08,46.49,9.72,15.65,0,Summer,off-peak hour,0.10,7.33
2012-06-25 17:00:00,115.42,39.59,0.06,0.04,0,42.98,9.67,23.08,0,Summer,off-peak hour,0.10,11.54
2012-06-25 18:00:00,127.51,10.14,0.06,0.04,0,92.02,9.69,15.56,0,Summer,peak hour,0.22,28.05
2012-06-25 19:00:00,211.89,50.03,0.06,0.04,0,128.99,9.68,23.09,0,Summer,peak hour,0.22,46.62
2012-06-25 20:00:00,190.84,34.71,0.07,0.07,0.94,73.51,65.21,16.33,1,Summer,peak hour,0.22,41.98
2012-06-25 21:00:00,219.67,4.06,0.07,0.05,1,91.45,98.45,24.59,1,Summer,peak hour,0.22,48.33
2012-06-25 22:00:00,115.11,41.25,0.06,0.05,1,45.84,9.67,17.24,1,Summer,peak hour,0.22,25.32
2012-06-25 23:00:00,76.88,1.32,0.09,0.04,1,43,9.7,21.73,1,Summer,off-peak hour,0.10,7.69
2012-06-26 0:00:00,95.58,24.43,0.07,0.04,1,43.3,9.64,17.1,1,Summer,off-peak hour,0.10,9.56
2012-06-26 1:00:00,91.31,22.73,0.05,0.04,0.71,37.41,9.7,20.67,1,Summer,off-peak hour,0.10,9.13
2012-06-26 2:00:00,72.37,3.99,0.09,0.05,0.36,39.8,9.66,18.42,1,Summer,off-peak hour,0.10,7.24
2012-06-26 3:00:00,109.72,42.73,0.07,0.04,0.46,37.78,9.67,18.97,1,Summer,off-peak hour,0.10,10.97
2012-06-26 4:00:00,74.44,5.3,0.08,0.03,0,39.3,9.68,20.05,1,Summer,off-peak hour,0.10,7.44
2012-06-26 5:00:00,266.51,22.27,0.07,0.06,0,216.25,9.66,18.2,1,Summer,off-peak hour,0.10,26.65
2012-06-26 6:00:00,116.86,36.42,0.07,0.03,0.05,50.05,9.66,20.58,1,Summer,off-peak hour,0.10,11.69
2012-06-26 7:00:00,248.83,3.83,0.07,84.35,65.51,68.25,9.66,17.16,1,Summer,off-peak hour,0.10,24.88
2012-06-26 8:00:00,218.75,46.7,0.06,0.03,0,140.61,9.68,21.67,1,Summer,off-peak hour,0.10,21.88
2012-06-26 9:00:00,115.59,10.02,0.06,0.04,0,79.49,9.68,16.3,1,Summer,off-peak hour,0.10,11.56
2012-06-26 10:00:00,206.93,22.22,0.06,0.04,0,152.58,9.68,22.35,1,Summer,off-peak hour,0.10,20.69
2012-06-26 11:00:00,461.45,36.67,0.05,0.04,0,399.28,9.69,15.72,1,Summer,off-peak hour,0.10,46.15
2012-06-26 12:00:00,87.54,2.9,0.06,0.07,0,51.84,9.71,22.96,1,Summer,off-peak hour,0.10,8.75
2012-06-26 13:00:00,106.28,44.28,0.06,0.05,37.11,0.46,9.65,14.67,1,Summer,off-peak hour,0.10,10.63
2012-06-26 14:00:00,100.58,9.95,0.06,0.04,0,57,9.69,23.84,1,Summer,off-peak hour,0.10,10.06
2012-06-26 15:00:00,119.29,30.24,0.06,64.19,0.73,0.07,9.71,14.36,1,Summer,off-peak hour,0.10,11.93
2012-06-26 16:00:00,99.95,20.71,0.06,0.04,1,44.91,9.7,23.53,1,Summer,off-peak hour,0.10,10.00
2012-06-26 17:00:00,101.79,7.73,0.06,0.06,1,68.87,9.7,14.37,1,Summer,off-peak hour,0.10,10.18
2012-06-26 18:00:00,117.61,42.3,0.06,0.05,1,41.13,9.69,23.38,1,Summer,peak hour,0.22,25.87
2012-06-26 19:00:00,66.85,1.22,0.08,0.06,1,39.7,9.66,15.13,1,Summer,peak hour,0.22,14.71
2012-06-26 20:00:00,103.85,27.61,0.07,0.05,0.96,41.93,9.67,23.56,1,Summer,peak hour,0.22,22.85
2012-06-26 21:00:00,257.8,16.5,0.06,0.07,0,121.03,105.42,14.72,1,Summer,peak hour,0.22,56.72
2012-06-26 22:00:00,244.97,1.11,0.06,0.05,0,57.21,163.51,23.03,1,Summer,peak hour,0.22,53.89
2012-06-26 23:00:00,132.12,43.14,0.07,0.04,0,42.87,30.42,15.58,1,Summer,off-peak hour,0.10,13.21
2012-06-27 0:00:00,86.28,3.23,0.06,0.04,0,44.67,14.55,23.73,1,Summer,off-peak hour,0.10,8.63
2012-06-27 1:00:00,99.58,25.74,0.07,0.06,0,44.67,14.58,14.46,1,Summer,off-peak hour,0.10,9.96
2012-06-27 2:00:00,108.83,23.4,0.09,0.04,0,47.83,14.71,22.76,1,Summer,off-peak hour,0.10,10.88
2012-06-27 3:00:00,77.79,4.05,0.08,0.04,0,42.9,14.69,16.03,1,Summer,off-peak hour,0.10,7.78
2012-06-27 4:00:00,123.94,45.22,0.07,0.04,0,42.34,14.69,21.58,1,Summer,off-peak hour,0.10,12.39
2012-06-27 5:00:00,232.54,4.09,0.06,0.04,0,196.66,14.64,17.05,1,Summer,off-peak hour,0.10,23.25
2012-06-27 6:00:00,245.6,32.64,0.06,0.04,0,181.65,10.29,20.92,1,Summer,off-peak hour,0.10,24.56
2012-06-27 7:00:00,113.79,19.47,0.08,0.04,34.04,32.8,9.65,17.71,1,Summer,off-peak hour,0.10,11.38
2012-06-27 8:00:00,135.34,3.92,0.06,0.05,0,101.34,9.71,20.26,1,Summer,off-peak hour,0.10,13.53
2012-06-27 9:00:00,498.51,47.81,0.06,0.05,0,422.94,9.69,17.96,0,Summer,off-peak hour,0.10,49.85
2012-06-27 10:00:00,1382.05,1.11,0.06,0.04,0,1351.59,9.64,19.61,0,Summer,off-peak hour,0.10,138.21
2012-06-27 11:00:00,758.04,49.68,0.07,0.04,0,679.71,9.66,18.88,0,Summer,off-peak hour,0.10,75.80
2012-06-27 12:00:00,836.76,46.73,0.08,0.06,0,759.65,9.73,20.51,0,Summer,off-peak hour,0.10,83.68
2012-06-27 13:00:00,209.64,20.1,0.08,0.04,0,158.83,9.69,20.9,0,Summer,off-peak hour,0.10,20.96
2012-06-27 14:00:00,851.16,29.33,720.54,73.7,0,4.93,9.66,17.93,0,Summer,off-peak hour,0.10,85.12
2012-06-27 15:00:00,633.89,34.46,516.1,0.03,0,52.25,9.66,21.39,0,Summer,off-peak hour,0.10,63.39
2012-06-27 16:00:00,77.85,1.22,3.63,0.04,0,46.76,9.66,16.54,0,Summer,off-peak hour,0.10,7.79
2012-06-27 17:00:00,123.22,46.3,0.07,0.04,0,44.36,9.69,22.76,0,Summer,off-peak hour,0.10,12.32
2012-06-27 18:00:00,97.03,10.31,0.08,0.05,0,60.98,9.73,15.88,1,Summer,peak hour,0.22,21.35
2012-06-27 19:00:00,783.71,49.51,0.06,0.08,0,701.11,9.67,23.28,1,Summer,peak hour,0.22,172.42
2012-06-27 20:00:00,210.74,17.91,0.07,0.05,0,168.23,9.66,14.82,1,Summer,peak hour,0.22,46.36
2012-06-27 21:00:00,727.71,6.09,570.06,0.07,0,118.15,9.63,23.71,1,Summer,peak hour,0.22,160.10
2012-06-27 22:00:00,1053.27,37.3,827.97,0.05,0,89.1,83.96,14.89,1,Summer,peak hour,0.22,231.72
2012-06-27 23:00:00,497.52,1.3,210.97,0.03,0,62.83,198.55,23.84,1,Summer,off-peak hour,0.10,49.75
2012-06-28 0:00:00,225.77,31.49,0.05,0.04,0,61.05,118.83,14.31,1,Summer,off-peak hour,0.10,22.58
2012-06-28 1:00:00,118.38,12.73,0.06,0.04,0,63.79,18.04,23.72,1,Summer,off-peak hour,0.10,11.84
2012-06-28 2:00:00,95.11,3.77,0.08,0.04,0,61.35,14.67,15.2,1,Summer,off-peak hour,0.10,9.51
2012-06-28 3:00:00,137.07,41.11,0.06,0.05,0,58.38,14.66,22.81,1,Summer,off-peak hour,0.10,13.71
2012-06-28 4:00:00,93.18,1.15,0.09,0.05,0,61.08,14.69,16.12,1,Summer,off-peak hour,0.10,9.32
2012-06-28 5:00:00,243.53,27.05,0.07,0.05,0,178.34,14.64,23.38,1,Summer,off-peak hour,0.10,24.35
2012-06-28 6:00:00,200.02,20.91,0.06,0.05,0,148.96,14.65,15.39,1,Summer,off-peak hour,0.10,20.00
2012-06-28 7:00:00,280.3,3.82,0.06,0.06,0,242.15,11.82,22.39,1,Summer,off-peak hour,0.10,28.03
2012-06-28 8:00:00,600.18,46.25,0.07,0.07,0,527.57,9.82,16.4,1,Summer,off-peak hour,0.10,60.02
2012-06-28 9:00:00,685.91,33.64,0.08,0.05,0,620.29,9.72,22.13,0,Summer,off-peak hour,0.10,68.59
2012-06-28 10:00:00,306.19,13.54,0.07,0.08,0,266.16,9.68,16.66,0,Summer,off-peak hour,0.10,30.62
2012-06-28 11:00:00,114.88,40.53,0.05,0.07,0,42.62,9.72,21.89,0,Summer,off-peak hour,0.10,11.49
2012-06-28 12:00:00,128.33,2,0.06,0.07,0,98.88,9.69,17.63,0,Summer,off-peak hour,0.10,12.83
2012-06-28 13:00:00,684.18,52.3,0.09,0.08,0.07,596.13,9.66,25.85,0,Summer,off-peak hour,0.10,68.42
2012-06-28 14:00:00,585.63,47.04,0.08,0.05,0,507.15,9.66,21.65,0,Summer,off-peak hour,0.10,58.56
2012-06-28 15:00:00,117.95,45.08,0.07,0.04,0,44.8,9.67,18.29,0,Summer,off-peak hour,0.10,11.80
2012-06-28 16:00:00,168.73,44.6,0.08,0.05,0,91.1,9.67,23.23,0,Summer,off-peak hour,0.10,16.87
2012-06-28 17:00:00,479.22,44.06,0.06,0.05,0,410.26,9.73,15.06,0,Summer,off-peak hour,0.10,47.92
2012-06-28 18:00:00,126.07,43.45,0.06,0.08,0,49,9.68,23.8,1,Summer,peak hour,0.22,27.74
2012-06-28 19:00:00,118.61,10.59,0.06,0.08,0,82.61,9.69,15.58,1,Summer,peak hour,0.22,26.09
2012-06-28 20:00:00,98.96,0.86,0.93,0.09,0,96.26,0.32,0.5,1,Summer,peak hour,0.22,21.77
2012-06-28 21:00:00,197.66,1,1,0.09,0,193.57,1,1,1,Summer,peak hour,0.22,43.49
2012-06-28 22:00:00,161.13,1,1,0.06,0,157.07,1,1,1,Summer,peak hour,0.22,35.45
2012-06-28 23:00:00,141.92,1,1,0.04,0,137.88,1,1,1,Summer,off-peak hour,0.10,14.19
2012-06-29 0:00:00,77.97,1,1,0.05,0,73.92,1,1,1,Summer,off-peak hour,0.10,7.80
2012-06-29 1:00:00,100.7,14.84,0.68,0.03,0,77.04,2.11,6,1,Summer,off-peak hour,0.10,10.07
2012-06-29 2:00:00,93.97,21.63,0.29,0.04,0,53.13,5.85,13.03,1,Summer,off-peak hour,0.10,9.40
2012-06-29 3:00:00,80.99,0.21,0.41,0.03,0,62.56,4.88,12.9,1,Summer,off-peak hour,0.10,8.10
2012-06-29 4:00:00,136.05,42.23,0.07,0.05,0,69.03,9.73,14.94,1,Summer,off-peak hour,0.10,13.61
2012-06-29 5:00:00,530.74,1.47,0.06,0.06,0,495.34,9.77,24.04,1,Summer,off-peak hour,0.10,53.07
2012-06-29 6:00:00,502.28,23.76,0.02,0.03,0,456.35,9.13,12.99,1,Summer,off-peak hour,0.10,50.23
2012-06-29 7:00:00,665.76,14.04,0.15,103.57,0,520.82,7.63,19.55,1,Summer,off-peak hour,0.10,66.58
2012-06-29 8:00:00,205.96,23.01,0.09,0.05,0,156.54,9.95,16.32,0,Summer,off-peak hour,0.10,20.60
2012-06-29 9:00:00,557.48,47.95,0.06,50.68,0,426.76,9.69,22.34,0,Summer,off-peak hour,0.10,55.75
2012-06-29 10:00:00,114.85,10.62,0.06,0.06,0,70.73,9.85,23.53,0,Summer,off-peak hour,0.10,11.49
2012-06-29 11:00:00,143.44,50.57,0.06,0.04,0,65.65,9.8,17.32,0,Summer,off-peak hour,0.10,14.34
2012-06-29 12:00:00,151.72,32.43,0.08,0.07,0,86.25,9.65,23.24,0,Summer,off-peak hour,0.10,15.17
2012-06-29 13:00:00,186.19,21.91,0.03,93.65,0,44.78,1.84,23.98,0,Summer,off-peak hour,0.10,18.62
2012-06-29 14:00:00,501.5,49.5,0.06,0.03,0,429.02,1,21.89,0,Summer,off-peak hour,0.10,50.15
2012-06-29 15:00:00,551.54,46.75,0.09,0.05,0,484.54,1,19.11,0,Summer,off-peak hour,0.10,55.15
2012-06-29 16:00:00,416.81,45.39,0.08,0.04,0,350.75,1,19.55,0,Summer,off-peak hour,0.10,41.68
2012-06-29 17:00:00,433.04,11.83,0.07,0.04,0,398.14,1,21.96,0,Summer,off-peak hour,0.10,43.30
2012-06-29 18:00:00,549.43,39.33,0.08,0.08,0,492.17,1,16.77,0,Summer,peak hour,0.22,120.87
2012-06-29 19:00:00,167.82,19.44,0.06,0.05,0,114.55,9.19,24.53,0,Summer,peak hour,0.22,36.92
2012-06-29 20:00:00,105.92,25.24,0.11,0.05,0,63.95,2.24,14.33,0,Summer,peak hour,0.22,23.30
2012-06-29 21:00:00,558.02,23.26,0.06,0.06,0,509.27,1,24.37,0,Summer,peak hour,0.22,122.76
2012-06-29 22:00:00,687.76,8.4,0.07,0.04,0,661.07,1,17.18,1,Summer,peak hour,0.22,151.31
2012-06-29 23:00:00,109.41,38.26,0.08,0.05,0,49.57,1,20.45,1,Summer,off-peak hour,0.10,10.94
2012-06-30 0:00:00,71.67,1.27,0.06,0.04,0,48.63,1,20.67,1,Summer,off-peak hour,0.10,7.17
2012-06-30 1:00:00,106.93,39.16,0.09,0.06,0,48.92,1,17.7,1,Summer,off-peak hour,0.10,10.69
2012-06-30 2:00:00,80.32,6.47,0.1,0.04,0,49.28,1,23.43,1,Summer,off-peak hour,0.10,8.03
2012-06-30 3:00:00,85.78,20.68,0.06,0.03,0,48.84,1,15.17,1,Summer,off-peak hour,0.10,8.58
2012-06-30 4:00:00,99.73,24.87,0.1,0.04,0,50.07,1,23.65,1,Summer,off-peak hour,0.10,9.97
2012-06-30 5:00:00,100.85,1.38,0.06,0.06,0,81.25,1,17.1,1,Summer,off-peak hour,0.10,10.09
2012-06-30 6:00:00,142.02,44.18,0.07,0.03,0,75.74,1,21,1,Summer,off-peak hour,0.10,14.20
2012-06-30 7:00:00,229.61,5.54,0.08,107.97,0,94.86,1,20.16,1,Summer,off-peak hour,0.10,22.96
2012-06-30 8:00:00,168.81,47.98,0.07,27.92,0,73.11,1,18.73,1,Summer,off-peak hour,0.10,16.88
2012-06-30 9:00:00,110.62,1.35,0.05,28.16,0.05,58.08,1,21.93,1,Summer,off-peak hour,0.10,11.06
2012-06-30 10:00:00,93.35,28.03,0.06,47.62,0,0.05,1,16.64,1,Summer,off-peak hour,0.10,9.34
2012-06-30 11:00:00,91.39,19.65,0.07,46.5,0,0.06,1,24.17,1,Summer,off-peak hour,0.10,9.14
2012-06-30 12:00:00,66.05,2.99,0.07,18.9,0,28.72,1,14.37,1,Summer,off-peak hour,0.10,6.61
2012-06-30 13:00:00,117.32,44.92,0.09,26.42,0,21.17,1,23.72,1,Summer,off-peak hour,0.10,11.73
2012-06-30 14:00:00,67.55,1.4,0.09,46.81,0,1.01,1,17.24,1,Summer,off-peak hour,0.10,6.76
2012-06-30 15:00:00,99.54,29.53,0.09,0.04,0,47.89,1,20.99,1,Summer,off-peak hour,0.10,9.95
2012-06-30 16:00:00,87.02,18.15,0.06,0.05,0,47.37,1,20.39,0,Summer,off-peak hour,0.10,8.70
2012-06-30 17:00:00,71.71,5.07,0.06,0.05,0,47.17,1,18.36,0,Summer,off-peak hour,0.10,7.17
2012-06-30 18:00:00,114.58,42.74,0.07,0.06,0,47.5,1,23.21,1,Summer,peak hour,0.22,25.21
2012-06-30 19:00:00,65.82,1.3,0.08,0.06,0,42.02,7.29,15.07,1,Summer,peak hour,0.22,14.48
2012-06-30 20:00:00,106.36,31.59,0.07,0.07,0,39.79,9.69,25.15,1,Summer,peak hour,0.22,23.40
2012-06-30 21:00:00,79.75,15.7,0.06,0.09,0,39.05,9.73,15.12,1,Summer,peak hour,0.22,17.55
2012-06-30 22:00:00,80.63,8.95,0.06,0.07,0,39.35,9.72,22.48,1,Summer,peak hour,0.22,17.74
2012-06-30 23:00:00,105.83,38.1,0.06,0.04,0,39.06,9.71,18.86,1,Summer,off-peak hour,0.10,10.58
2012-12-01 0:00:00,131.95,38.84,0.07,0.05,0.14,69.6,9.7,13.55,1,Winter,off-peak hour,0.10,13.20
2012-12-01 1:00:00,91.06,4,0.07,0.04,0.14,55.92,9.72,21.17,1,Winter,off-peak hour,0.10,9.11
2012-12-01 2:00:00,108.28,26.64,0.06,0.04,0.14,55.97,9.69,15.74,1,Winter,off-peak hour,0.10,10.83
2012-12-01 3:00:00,98.19,16.34,0.07,0.05,0.15,56.33,9.7,15.55,1,Winter,off-peak hour,0.10,9.82
2012-12-01 4:00:00,91.58,3.97,0.06,0.08,0.14,56.41,9.68,21.24,1,Winter,off-peak hour,0.10,9.16
2012-12-01 5:00:00,118.78,39.25,0.05,0.06,0.15,55.98,9.71,13.58,1,Winter,off-peak hour,0.10,11.88
2012-12-01 6:00:00,132.72,3.86,0.07,0.08,0.14,100.75,9.7,18.12,1,Winter,off-peak hour,0.10,13.27
2012-12-01 7:00:00,467.38,26.79,0.06,0.07,182.45,229.2,9.69,19.12,1,Winter,off-peak hour,0.10,46.74
2012-12-01 8:00:00,202.46,24.03,0.06,0.65,0.14,154.8,9.7,13.08,0,Winter,off-peak hour,0.10,20.25
2012-12-01 9:00:00,90.92,3.92,0.06,1,0.15,55.51,9.71,20.57,0,Winter,off-peak hour,0.10,9.09
2012-12-01 10:00:00,123.44,40.86,0.08,1,0.14,54.82,9.7,16.84,0,Winter,off-peak hour,0.10,12.34
2012-12-01 11:00:00,115.2,4.7,0.06,1,0.15,84.91,9.7,14.68,0,Winter,off-peak hour,0.10,11.52
2012-12-01 12:00:00,393.93,38.27,0.06,1,0.14,323.58,9.71,21.17,0,Winter,off-peak hour,0.10,39.39
2012-12-01 13:00:00,232.24,16.59,0.07,1,77.8,113.37,8.98,14.43,0,Winter,off-peak hour,0.10,23.22
2012-12-01 14:00:00,132.56,30.43,0.06,1,0.14,73.96,9.71,17.26,0,Winter,off-peak hour,0.10,13.26
2012-12-01 15:00:00,170.53,22.4,0.06,1,0.13,117.52,9.67,19.75,0,Winter,off-peak hour,0.10,17.05
2012-12-01 16:00:00,129.02,15.79,0.06,1,0.15,89.48,9.69,12.85,0,Winter,off-peak hour,0.10,12.90
2012-12-01 17:00:00,158.26,30.64,0.06,1,0.15,96.4,9.7,20.31,1,Winter,off-peak hour,0.10,15.83
2012-12-01 18:00:00,1238.13,14.15,0.06,1,0.91,1195.34,9.73,16.94,1,Winter,peak hour,0.22,272.39
2012-12-01 19:00:00,480.33,41.32,0.06,1,1,412.87,9.72,14.36,1,Winter,peak hour,0.22,105.67
2012-12-01 20:00:00,792.72,9.23,0.06,1,1,750.16,9.71,21.56,1,Winter,peak hour,0.22,174.40
2012-12-01 21:00:00,862.61,48.81,0.07,1,1,788.13,9.69,13.91,1,Winter,peak hour,0.22,189.77
2012-12-01 22:00:00,434.14,6.73,0.06,1,1,397.52,9.69,18.14,1,Winter,peak hour,0.22,95.51
2012-12-01 23:00:00,158.18,27.68,0.08,1,0.82,100.1,9.7,18.8,1,Winter,off-peak hour,0.10,15.82
2012-12-02 0:00:00,98.91,17.98,0.06,1,0.15,57.03,9.72,12.97,1,Winter,off-peak hour,0.10,9.89
2012-12-02 1:00:00,34.51,0.91,0.6,1,0.67,13.61,9.71,8.01,1,Winter,off-peak hour,0.10,3.45
2012-12-02 2:00:00,0,0,0,0,0,0,0,0,1,Winter,off-peak hour,0.10,0.00
2012-12-02 3:00:00,0,0,0,0,0,0,0,0,1,Winter,off-peak hour,0.10,0.00
2012-12-02 4:00:00,0,0,0,0,0,0,0,0,1,Winter,off-peak hour,0.10,0.00
2012-12-02 5:00:00,0,0,0,0,0,0,0,0,1,Winter,off-peak hour,0.10,0.00
2012-12-02 6:00:00,0,0,0,0,0,0,0,0,1,Winter,off-peak hour,0.10,0.00
2012-12-02 7:00:00,0,0,0,0,0,0,0,0,1,Winter,off-peak hour,0.10,0.00
2012-12-02 8:00:00,0,0,0,0,0,0,0,0,1,Winter,off-peak hour,0.10,0.00
2012-12-02 9:00:00,0,0,0,0,0,0,0,0,1,Winter,off-peak hour,0.10,0.00
2012-12-02 10:00:00,0,0,0,0,0,0,0,0,1,Winter,off-peak hour,0.10,0.00
2012-12-02 11:00:00,0,0,0,0,0,0,0,0,1,Winter,off-peak hour,0.10,0.00
2012-12-02 12:00:00,289.24,3.21,0.44,1,1,263.75,9.64,10.2,1,Winter,off-peak hour,0.10,28.92
2012-12-02 13:00:00,246.15,42.04,0.07,1,1,177.88,9.7,14.46,1,Winter,off-peak hour,0.10,24.62
2012-12-02 14:00:00,98.62,3.73,0.06,1,1,66.52,9.72,16.59,1,Winter,off-peak hour,0.10,9.86
2012-12-02 15:00:00,140.4,37.52,0.06,1,1,70.31,9.69,20.82,1,Winter,off-peak hour,0.10,14.04
2012-12-02 16:00:00,138.46,7.17,0.07,1,1,106.81,9.69,12.72,1,Winter,off-peak hour,0.10,13.85
2012-12-02 17:00:00,968.92,22.75,0.08,0.69,1,915.19,9.69,19.52,1,Winter,off-peak hour,0.10,96.89
2012-12-02 18:00:00,542.14,28.61,0.06,0.05,1,485.42,9.69,17.31,1,Winter,peak hour,0.22,119.27
2012-12-02 19:00:00,266.23,6.85,0.06,0.06,1,234.09,9.73,14.44,1,Winter,peak hour,0.22,58.57
2012-12-02 20:00:00,516.54,40.4,0.07,0.07,0.43,444.89,9.71,20.97,1,Winter,peak hour,0.22,113.64
2012-12-02 21:00:00,373.4,3.95,0.07,0.07,0.14,344.95,9.69,14.53,1,Winter,peak hour,0.22,82.15
2012-12-02 22:00:00,944.29,29.27,0.08,0.07,0.13,887.87,9.7,17.17,1,Winter,peak hour,0.22,207.74
2012-12-02 23:00:00,579.11,15.9,0.07,0.06,0.15,533.72,9.71,19.5,1,Winter,off-peak hour,0.10,57.91
2012-12-03 0:00:00,88.81,3.91,0.06,0.07,0.14,62.22,9.7,12.71,1,Winter,off-peak hour,0.10,8.88
2012-12-03 1:00:00,130.68,40.02,0.06,0.07,0.14,60.2,9.7,20.49,1,Winter,off-peak hour,0.10,13.07
2012-12-03 2:00:00,90.49,4,0.07,0.06,0.14,60.11,9.69,16.42,1,Winter,off-peak hour,0.10,9.05
2012-12-03 3:00:00,97,11.22,0.08,0.07,0.13,60.48,9.71,15.31,1,Winter,off-peak hour,0.10,9.70
2012-12-03 4:00:00,242.46,33.79,0.08,0.07,0.14,177.75,9.69,20.94,1,Winter,off-peak hour,0.10,24.25
2012-12-03 5:00:00,268.34,3.86,0.08,0.07,0.14,241.07,9.73,13.39,1,Winter,off-peak hour,0.10,26.83
2012-12-03 6:00:00,191.72,26.04,0.07,0.07,0.14,137.56,9.69,18.15,1,Winter,off-peak hour,0.10,19.17
2012-12-03 7:00:00,222.72,18.28,0.07,0.07,0.14,175.91,9.71,18.54,1,Winter,off-peak hour,0.10,22.27
2012-12-03 8:00:00,927.21,3.8,0.07,0.07,84.8,815.85,9.69,12.93,1,Winter,off-peak hour,0.10,92.72
2012-12-03 9:00:00,426.4,47.6,0.08,0.08,66.95,281.25,9.11,21.33,1,Winter,off-peak hour,0.10,42.64
2012-12-03 10:00:00,1557.57,5.78,685.38,0.06,0.14,841.36,9.73,15.12,1,Winter,off-peak hour,0.10,155.76
2012-12-03 11:00:00,1683.11,27.96,698.36,0.07,0.14,930.88,9.7,16,1,Winter,off-peak hour,0.10,168.31
2012-12-03 12:00:00,744.29,25.1,214.9,0.07,43.94,429.56,9.69,21.03,1,Winter,off-peak hour,0.10,74.43
2012-12-03 13:00:00,1579.23,3.9,807.4,0.08,0.14,745.1,9.7,12.91,1,Winter,off-peak hour,0.10,157.92
2012-12-03 14:00:00,778.56,48.25,531.95,0.07,0.14,169.88,9.73,18.54,1,Winter,off-peak hour,0.10,77.86
2012-12-03 15:00:00,975.91,45.84,818.98,0.07,0.14,83,9.7,18.18,1,Winter,off-peak hour,0.10,97.59
2012-12-03 16:00:00,438.53,26.42,280.19,0.07,0.14,108.95,9.67,13.09,1,Winter,off-peak hour,0.10,43.85
2012-12-03 17:00:00,271.68,12.74,0.07,0.08,0.14,227.93,9.69,21.03,1,Winter,off-peak hour,0.10,27.17
2012-12-03 18:00:00,426.35,47.78,0.07,0.14,0.14,353.01,9.7,15.51,1,Winter,peak hour,0.22,93.80
2012-12-03 19:00:00,284,23.49,0.07,1,0.14,233.32,9.72,16.26,1,Winter,peak hour,0.22,62.48
2012-12-03 20:00:00,179.82,3.99,0.07,1,0.14,144.11,9.72,20.79,1,Winter,peak hour,0.22,39.56
2012-12-03 21:00:00,192.12,35.8,0.01,1,0.17,134.24,9.63,11.27,1,Winter,peak hour,0.22,42.27
2012-12-03 22:00:00,101.4,4.03,0.08,1,0.15,67.92,9.75,18.47,1,Winter,peak hour,0.22,22.31
2012-12-03 23:00:00,930.75,19.81,0.07,1,0.14,881.63,9.7,18.4,1,Winter,off-peak hour,0.10,93.08
2012-12-04 0:00:00,652.62,21.79,0.08,1,0.14,606.79,9.72,13.1,1,Winter,off-peak hour,0.10,65.26
2012-12-04 1:00:00,95.86,4.03,0.08,1,0.14,59.85,9.71,21.05,1,Winter,off-peak hour,0.10,9.59
2012-12-04 2:00:00,125.01,38.59,0.08,1,0.15,59.33,9.71,16.15,1,Winter,off-peak hour,0.10,12.50
2012-12-04 3:00:00,88.72,4.07,0.07,1,0.15,58.81,9.69,14.93,1,Winter,off-peak hour,0.10,8.87
2012-12-04 4:00:00,266.66,12.42,0.07,1,0.15,222.54,9.67,20.81,1,Winter,off-peak hour,0.10,26.67
2012-12-04 5:00:00,419.7,29.57,0.07,1,0.14,365.11,9.7,14.11,1,Winter,off-peak hour,0.10,41.97
2012-12-04 6:00:00,212.19,3.91,0.07,1,0.14,179.76,9.71,17.6,1,Winter,off-peak hour,0.10,21.22
2012-12-04 7:00:00,471.06,34.41,0.07,1,0.28,406.11,9.72,19.47,1,Winter,off-peak hour,0.10,47.11
2012-12-04 8:00:00,263.72,12.9,0.07,1,66.27,160.82,9.7,12.96,0,Winter,off-peak hour,0.10,26.37
2012-12-04 9:00:00,132.2,9.52,0.08,1,0.14,91.49,9.69,20.28,0,Winter,off-peak hour,0.10,13.22
2012-12-04 10:00:00,115.03,34.5,0.06,1,0.14,52.91,9.72,16.7,0,Winter,off-peak hour,0.10,11.50
2012-12-04 11:00:00,104.34,3.96,0.07,1,0.14,75.01,9.71,14.45,0,Winter,off-peak hour,0.10,10.43
2012-12-04 12:00:00,367.91,34.13,0.08,1,0.14,301.75,9.71,21.1,0,Winter,off-peak hour,0.10,36.79
2012-12-04 13:00:00,157.73,14.05,0.07,0.94,45.57,73.13,9.68,14.29,0,Winter,off-peak hour,0.10,15.77
2012-12-04 14:00:00,87.79,7.73,0.07,0.07,0.15,52.64,9.71,17.42,0,Winter,off-peak hour,0.10,8.78
2012-12-04 15:00:00,859.44,36.84,0.07,0.08,0.14,793.35,9.69,19.27,1,Winter,off-peak hour,0.10,85.94
2012-12-04 16:00:00,243.48,3.84,0.06,0.07,0.15,216.92,9.69,12.75,1,Winter,off-peak hour,0.10,24.35
2012-12-04 17:00:00,461.73,35.77,0.09,0.07,0.15,395.37,9.72,20.56,1,Winter,off-peak hour,0.10,46.17
2012-12-04 18:00:00,480.18,14.58,0.07,0.07,0.14,439.35,9.7,16.27,1,Winter,peak hour,0.22,105.64
2012-12-04 19:00:00,434.43,37.5,0.07,0.07,0.14,371.2,9.74,15.71,1,Winter,peak hour,0.22,95.57
2012-12-04 20:00:00,400.55,18.32,0.07,0.08,54.53,296.88,9.72,20.95,1,Winter,peak hour,0.22,88.12
2012-12-04 21:00:00,724.8,14.76,0.07,0.07,0.14,686.9,9.72,13.14,1,Winter,peak hour,0.22,159.46
2012-12-04 22:00:00,573.99,25.48,0.08,0.08,0.14,520.53,9.73,17.95,1,Winter,peak hour,0.22,126.28
2012-12-04 23:00:00,499.82,3.94,0.07,0.08,0.14,466.44,9.68,19.47,1,Winter,off-peak hour,0.10,49.98
2012-12-05 0:00:00,122.8,36.25,0.08,0.07,0.14,63.6,9.7,12.96,1,Winter,off-peak hour,0.10,12.28
2012-12-05 1:00:00,95.2,3.98,0.07,0.07,0.14,61.44,9.71,19.79,1,Winter,off-peak hour,0.10,9.52
2012-12-05 2:00:00,125.59,34.73,0.07,0.05,0.14,63.47,9.67,17.46,1,Winter,off-peak hour,0.10,12.56
2012-12-05 3:00:00,91.19,5.45,0.08,0.08,0.14,61.92,9.69,13.83,1,Winter,off-peak hour,0.10,9.12
2012-12-05 4:00:00,113.98,19.94,0.07,0.07,0.14,62.94,9.7,21.12,1,Winter,off-peak hour,0.10,11.40
2012-12-05 5:00:00,150.33,20.37,0.07,0.08,0.14,105.13,9.7,14.84,1,Winter,off-peak hour,0.10,15.03
2012-12-05 6:00:00,138.94,4.59,0.08,0.08,0.14,107.93,9.69,16.43,1,Winter,off-peak hour,0.10,13.89
2012-12-05 7:00:00,515.37,34.97,0.07,0.08,93.04,356.83,9.7,20.68,0,Winter,off-peak hour,0.10,51.54
2012-12-05 8:00:00,275.22,3.83,0.07,0.07,0.14,248.57,9.71,12.83,0,Winter,off-peak hour,0.10,27.52
2012-12-05 9:00:00,127.75,37.2,0.08,0.08,0.14,61.8,9.69,18.76,0,Winter,off-peak hour,0.10,12.78
2012-12-05 10:00:00,104.3,4.61,0.09,0.09,0.15,71.58,9.71,18.07,0,Winter,off-peak hour,0.10,10.43
2012-12-05 11:00:00,232.03,50.19,0.08,1,0.14,157.85,9.73,13.04,1,Winter,off-peak hour,0.10,23.20
2012-12-05 12:00:00,593.71,29.33,0.07,1,63.58,469.09,9.69,20.95,1,Winter,off-peak hour,0.10,59.37
2012-12-05 13:00:00,730.48,21.93,0.06,1,0.14,681.68,9.7,15.97,1,Winter,off-peak hour,0.10,73.05
2012-12-05 14:00:00,942.36,21.63,0.06,1,0.14,894.77,9.7,15.06,1,Winter,off-peak hour,0.10,94.24
2012-12-05 15:00:00,336.84,22.96,0.09,1,0.14,282.12,9.7,20.83,1,Winter,off-peak hour,0.10,33.68
2012-12-05 16:00:00,861.19,20.16,0.06,1,0.14,816.26,9.7,13.87,1,Winter,off-peak hour,0.10,86.12
2012-12-05 17:00:00,1325.58,23.51,0.08,1,0.15,1273.99,9.66,17.19,1,Winter,off-peak hour,0.10,132.56
2012-12-05 18:00:00,367.04,22.08,0.07,1,0.14,314.4,9.7,19.65,1,Winter,peak hour,0.22,80.75
2012-12-05 19:00:00,368.23,17.82,0.07,1,0.14,326.78,9.71,12.71,1,Winter,peak hour,0.22,81.01
2012-12-05 20:00:00,207,26.67,0.06,1,0.14,149.14,9.73,20.26,1,Winter,peak hour,0.22,45.54
2012-12-05 21:00:00,147.86,10.07,0.07,1,0.15,110.8,9.69,16.08,1,Winter,peak hour,0.22,32.53
2012-12-05 22:00:00,149.43,33.76,0.07,1,0.14,89.45,9.71,15.3,1,Winter,peak hour,0.22,32.87
2012-12-05 23:00:00,109.08,3.96,0.05,1,0.14,73.34,9.72,20.87,1,Winter,off-peak hour,0.10,10.91
2012-12-06 0:00:00,115.58,37.27,0.07,1,0.14,53.75,9.69,13.66,1,Winter,off-peak hour,0.10,11.56
2012-12-06 1:00:00,86.99,3.97,0.07,1,0.14,54.31,9.72,17.78,1,Winter,off-peak hour,0.10,8.70
2012-12-06 2:00:00,102.95,17.74,0.08,1,0.14,55.02,9.65,19.32,1,Winter,off-peak hour,0.10,10.30
2012-12-06 3:00:00,102.59,23.31,0.08,1,0.14,55.46,9.71,12.89,1,Winter,off-peak hour,0.10,10.26
2012-12-06 4:00:00,88.82,3.89,0.08,1,0.14,54.42,9.71,19.58,1,Winter,off-peak hour,0.10,8.88
2012-12-06 5:00:00,170.06,36.39,0.06,1,0.14,105.18,9.7,17.59,1,Winter,off-peak hour,0.10,17.01
2012-12-06 6:00:00,179.15,3.91,0.07,1,0.15,151.07,9.71,13.24,1,Winter,off-peak hour,0.10,17.92
2012-12-06 7:00:00,381.47,29.29,0.08,1,60.43,259.98,9.74,20.95,1,Winter,off-peak hour,0.10,38.15
2012-12-06 8:00:00,312.08,14.62,0.08,1,0.15,270.6,9.7,15.93,1,Winter,off-peak hour,0.10,31.21
2012-12-06 9:00:00,311.41,13.29,0.07,22.79,0.26,250.26,9.71,15.03,1,Winter,off-peak hour,0.10,31.14
2012-12-06 10:00:00,224.53,30.3,0.08,64.71,0.16,98.73,9.73,20.82,1,Winter,off-peak hour,0.10,22.45
2012-12-06 11:00:00,678.85,13.44,0.08,37.71,0.14,604.11,9.7,13.67,1,Winter,off-peak hour,0.10,67.89
2012-12-06 12:00:00,280.26,30.27,0.07,55.24,0.14,167.38,9.68,17.48,1,Winter,off-peak hour,0.10,28.03
2012-12-06 13:00:00,941.7,27.02,0.06,0.06,0.14,885.28,9.7,19.44,1,Winter,off-peak hour,0.10,94.17
2012-12-06 14:00:00,558.74,24.47,0.07,0.06,0.14,511.52,9.71,12.77,1,Winter,off-peak hour,0.10,55.87
2012-12-06 15:00:00,143.43,21.89,0.07,0.07,0.14,91.41,9.68,20.17,1,Winter,off-peak hour,0.10,14.34
2012-12-06 16:00:00,262.15,19.47,0.07,0.07,0.14,216.48,9.69,16.23,1,Winter,off-peak hour,0.10,26.22
2012-12-06 17:00:00,1045.58,17.65,0.08,0.07,209.79,793.16,9.71,15.12,1,Winter,off-peak hour,0.10,104.56
2012-12-06 18:00:00,949.62,26.34,0.06,0.08,0.14,892.24,9.72,21.04,1,Winter,peak hour,0.22,208.92
2012-12-06 19:00:00,445.29,3.71,0.07,48.82,0.14,369.58,9.73,13.24,1,Winter,peak hour,0.22,97.96
2012-12-06 20:00:00,656.7,41.31,0.08,67.37,0.14,520.43,9.71,17.66,1,Winter,peak hour,0.22,144.47
2012-12-06 21:00:00,767.96,3.73,0.08,35.23,0.14,700.75,9.67,18.36,1,Winter,peak hour,0.22,168.95
2012-12-06 22:00:00,1037.34,45.33,0.09,0.07,0.14,968.72,9.71,13.28,1,Winter,peak hour,0.22,228.21
2012-12-06 23:00:00,586.62,16.91,0.06,0.06,0.14,538.72,9.7,21.03,1,Winter,off-peak hour,0.10,58.66
2012-12-07 0:00:00,104.02,24.15,0.06,0.08,0.15,55.2,9.73,14.65,1,Winter,off-peak hour,0.10,10.40
2012-12-07 1:00:00,101.3,19.88,0.06,0.07,0.14,54.98,9.69,16.48,1,Winter,off-peak hour,0.10,10.13
2012-12-07 2:00:00,93.93,8.64,0.07,0.07,0.14,55.14,9.71,20.16,1,Winter,off-peak hour,0.10,9.39
2012-12-07 3:00:00,113.32,34.42,0.08,0.08,0.14,56.06,9.68,12.86,1,Winter,off-peak hour,0.10,11.33
2012-12-07 4:00:00,87.9,3.93,0.08,0.08,0.14,54.95,9.7,19.02,1,Winter,off-peak hour,0.10,8.79
2012-12-07 5:00:00,116.72,33.71,0.08,0.08,0.14,55.45,9.73,17.53,1,Winter,off-peak hour,0.10,11.67
2012-12-07 6:00:00,95.14,10.35,0.08,0.08,0.14,61.57,9.73,13.19,1,Winter,off-peak hour,0.10,9.51
2012-12-07 7:00:00,479.89,9.67,0.08,0.07,59.44,379.99,9.69,20.95,1,Winter,off-peak hour,0.10,47.99
2012-12-07 8:00:00,493.14,36.01,0.07,71.83,0.14,360.6,9.69,14.8,1,Winter,off-peak hour,0.10,49.31
2012-12-07 9:00:00,137.14,3.91,0.07,0.08,0.14,109.01,8.12,15.81,1,Winter,off-peak hour,0.10,13.71
2012-12-07 10:00:00,133.83,40.56,0.08,0.07,0.14,65.16,7.1,20.72,1,Winter,off-peak hour,0.10,13.38
2012-12-07 11:00:00,112.39,3.87,0.07,0.08,0.14,94.56,0.97,12.7,1,Winter,off-peak hour,0.10,11.24
2012-12-07 12:00:00,156.15,25.53,0.07,0.07,0.14,110.81,1,18.53,1,Winter,off-peak hour,0.10,15.62
2012-12-07 13:00:00,124.54,16.61,0.07,0.08,0.14,89.07,1,17.57,0,Winter,off-peak hour,0.10,12.45
2012-12-07 14:00:00,89.89,3.85,0.07,0.07,0.14,71.36,1,13.4,0,Winter,off-peak hour,0.10,8.99
2012-12-07 15:00:00,131.27,37.72,0.07,0.07,0.15,71.6,1,20.66,0,Winter,off-peak hour,0.10,13.13
2012-12-07 16:00:00,92.39,3.88,0.07,0.07,0.14,71.91,1,15.32,0,Winter,off-peak hour,0.10,9.24
2012-12-07 17:00:00,364.79,26.59,0.07,0.07,0.14,321.41,1,15.51,1,Winter,off-peak hour,0.10,36.48
2012-12-07 18:00:00,926.27,15.02,0.06,0.07,0.14,889.28,1,20.7,1,Winter,peak hour,0.22,203.78
2012-12-07 19:00:00,415.19,48.46,0.07,0.08,0.14,352.17,1,13.27,1,Winter,peak hour,0.22,91.34
2012-12-07 20:00:00,377.18,9.35,0.06,0.08,40.57,308.35,1,17.77,1,Winter,peak hour,0.22,82.98
2012-12-07 21:00:00,232.03,8.52,0.07,0.07,0.14,203.27,1,18.96,1,Winter,peak hour,0.22,51.05
2012-12-07 22:00:00,128.42,37.33,0.07,0.08,0.14,77.05,1,12.75,1,Winter,peak hour,0.22,28.25
2012-12-07 23:00:00,97.62,3.99,0.08,0.08,0.14,72.21,1,20.12,1,Winter,off-peak hour,0.10,9.76
2012-12-08 0:00:00,115.61,16.99,0.07,0.07,0.14,81.24,1,16.1,1,Winter,off-peak hour,0.10,11.56
2012-12-08 1:00:00,116.28,28.95,0.07,0.08,0.14,71.08,1,14.96,1,Winter,off-peak hour,0.10,11.63
2012-12-08 2:00:00,99.08,4.01,0.07,0.08,0.15,72.98,1,20.79,1,Winter,off-peak hour,0.10,9.91
2012-12-08 3:00:00,113.8,24.97,0.07,0.08,0.14,73.84,1,13.7,1,Winter,off-peak hour,0.10,11.38
2012-12-08 4:00:00,321.42,21.07,0.06,0.08,0.15,281.85,1,17.21,1,Winter,off-peak hour,0.10,32.14
2012-12-08 5:00:00,215.07,3.95,0.07,0.07,0.15,190.42,1,19.41,1,Winter,off-peak hour,0.10,21.51
2012-12-08 6:00:00,234.46,33.21,0.07,0.07,0.15,187.13,1,12.83,1,Winter,off-peak hour,0.10,23.45
2012-12-08 7:00:00,482.49,12.86,0.09,35.77,54.19,358.94,1,19.64,1,Winter,off-peak hour,0.10,48.25
2012-12-08 8:00:00,368.18,5.49,0.07,47.53,0.14,296.86,1,17.09,1,Winter,off-peak hour,0.10,36.82
2012-12-08 9:00:00,253.97,42.74,0.06,0.08,0.15,196.19,1,13.75,1,Winter,off-peak hour,0.10,25.40
2012-12-08 10:00:00,115.29,3.97,0.07,0.08,0.14,89.23,1,20.8,1,Winter,off-peak hour,0.10,11.53
2012-12-08 11:00:00,1008.58,32.27,0.06,0.07,0.14,960.27,1,14.77,1,Winter,off-peak hour,0.10,100.86
2012-12-08 12:00:00,611.75,25.01,0.07,0.07,0.15,569.31,1,16.14,1,Winter,off-peak hour,0.10,61.18
2012-12-08 13:00:00,524.62,4.75,0.06,0.08,0.14,498.42,1,20.17,1,Winter,off-peak hour,0.10,52.46
2012-12-08 14:00:00,797.11,45.42,0.07,77.29,0.14,660.56,1,12.63,1,Winter,off-peak hour,0.10,79.71
2012-12-08 15:00:00,185.01,4.12,0.06,0.08,0.15,160.07,1,19.53,1,Winter,off-peak hour,0.10,18.50
2012-12-08 16:00:00,387.62,30.21,0.06,0.08,0.14,339.55,1,16.58,1,Winter,off-peak hour,0.10,38.76
2012-12-08 17:00:00,321.02,21.56,0.06,0.07,0.14,283.89,1,14.3,1,Winter,off-peak hour,0.10,32.10
2012-12-08 18:00:00,819.08,8.59,0.05,0.85,0.14,786.13,2.51,20.81,1,Winter,peak hour,0.22,180.20
2012-12-08 19:00:00,475.66,39.83,0.06,0.6,0.14,417.64,3.7,13.69,1,Winter,peak hour,0.22,104.65
2012-12-08 20:00:00,1131.52,3.79,0.07,0.08,47.76,1061.18,1.27,17.37,1,Winter,peak hour,0.22,248.93
2012-12-08 21:00:00,293.9,44.26,0.07,0.08,0.14,226.44,4.03,18.88,1,Winter,peak hour,0.22,64.66
2012-12-08 22:00:00,832.76,14.59,0.06,0.07,0.14,804.28,1,12.62,1,Winter,peak hour,0.22,183.21
2012-12-08 23:00:00,530.85,24.02,0.07,0.08,0.14,485.21,1,20.33,1,Winter,off-peak hour,0.10,53.09
2012-12-09 0:00:00,109.02,22.85,0.06,0.07,0.14,66.21,3.99,15.7,1,Winter,off-peak hour,0.10,10.90
2012-12-09 1:00:00,93.53,3.89,0.06,0.07,0.14,73.05,0.8,15.52,1,Winter,off-peak hour,0.10,9.35
2012-12-09 2:00:00,133.09,39.06,0.06,0.07,0.14,72.6,0.37,20.79,1,Winter,off-peak hour,0.10,13.31
2012-12-09 3:00:00,89.72,3.97,0.06,0.07,0.13,71.79,1,12.7,1,Winter,off-peak hour,0.10,8.97
2012-12-09 4:00:00,111.05,18.89,0.06,0.07,0.14,70.11,3.7,18.08,1,Winter,off-peak hour,0.10,11.11
2012-12-09 5:00:00,342.31,23.49,0.06,0.07,0.15,294.38,6.12,18.04,1,Winter,off-peak hour,0.10,34.23
2012-12-09 6:00:00,221.19,3.92,0.07,0.08,0.14,203.9,0.42,12.66,1,Winter,off-peak hour,0.10,22.12
2012-12-09 7:00:00,547.2,34.96,0.07,73.45,60.98,355.88,1,20.86,1,Winter,off-peak hour,0.10,54.72
2012-12-09 8:00:00,290.04,10.93,0.07,10.33,0.14,252.24,1,15.33,1,Winter,off-peak hour,0.10,29.00
2012-12-09 9:00:00,106.33,16.04,0.06,0.08,0.14,73.53,1,15.48,1,Winter,off-peak hour,0.10,10.63
2012-12-09 10:00:00,123.51,27.44,0.07,0.07,0.15,70.77,4.14,20.87,1,Winter,off-peak hour,0.10,12.35
2012-12-09 11:00:00,724.06,3.94,0.06,0.07,52.91,644.69,9.71,12.68,1,Winter,off-peak hour,0.10,72.41
2012-12-09 12:00:00,485.37,40.57,0.06,0.07,0.14,416.73,9.72,18.08,1,Winter,off-peak hour,0.10,48.54
2012-12-09 13:00:00,858.36,10.58,0.07,0.18,0.14,819.27,9.7,18.42,1,Winter,off-peak hour,0.10,85.84
2012-12-09 14:00:00,215.1,20.49,0.07,1,0.14,170.99,9.7,12.71,1,Winter,off-peak hour,0.10,21.51
2012-12-09 15:00:00,120.41,29.31,0.07,1,0.14,59.76,9.72,20.41,1,Winter,off-peak hour,0.10,12.04
2012-12-09 16:00:00,89.05,3.9,0.07,1,0.14,58.56,9.68,15.7,1,Winter,off-peak hour,0.10,8.91
2012-12-09 17:00:00,692.14,42,0.06,1,0.14,623.93,9.74,15.27,1,Winter,off-peak hour,0.10,69.21
2012-12-09 18:00:00,1245.04,6.98,0.08,1,0.14,1206.39,9.74,20.71,1,Winter,peak hour,0.22,273.91
2012-12-09 19:00:00,400.53,46.44,0.06,1,0.14,330.03,9.73,13.13,1,Winter,peak hour,0.22,88.12
2012-12-09 20:00:00,428.76,3.81,0.07,1,34.6,364.75,6.71,17.82,1,Winter,peak hour,0.22,94.33
2012-12-09 21:00:00,351.66,38.86,0.06,1,0.14,292.17,1,18.43,1,Winter,peak hour,0.22,77.37
2012-12-09 22:00:00,804.58,8.07,0.07,1,0.15,781.69,1,12.6,1,Winter,peak hour,0.22,177.01
2012-12-09 23:00:00,638.42,19.12,0.07,1,0.14,596.76,1,20.33,1,Winter,off-peak hour,0.10,63.84
2012-12-10 0:00:00,110.2,27.18,0.06,1,0.14,65.22,1,15.6,1,Winter,off-peak hour,0.10,11.02
2012-12-10 1:00:00,85.74,3.95,0.05,1,0.14,64.82,1,14.78,1,Winter,off-peak hour,0.10,8.57
2012-12-10 2:00:00,121.74,32.32,0.05,1,0.14,66.55,1,20.68,1,Winter,off-peak hour,0.10,12.17
2012-12-10 3:00:00,94.86,12.51,0.06,1,0.15,66.38,1,13.76,1,Winter,off-peak hour,0.10,9.49
2012-12-10 4:00:00,89.64,3.96,0.06,1,0.14,66.68,1,16.8,1,Winter,off-peak hour,0.10,8.96
2012-12-10 5:00:00,127.92,41.02,0.05,1,0.15,65.09,1,19.61,1,Winter,off-peak hour,0.10,12.79
2012-12-10 6:00:00,88.78,3.97,0.06,1,0.13,70.15,1,12.47,1,Winter,off-peak hour,0.10,8.88
2012-12-10 7:00:00,167.72,5.74,0.07,1,0.15,140.46,1,19.3,1,Winter,off-peak hour,0.10,16.77
2012-12-10 8:00:00,453.08,41.33,0.07,0.92,189.79,203.17,1,16.8,0,Winter,off-peak hour,0.10,45.31
2012-12-10 9:00:00,905.41,3.92,0.06,0.07,0.14,877.07,1,23.15,0,Winter,off-peak hour,0.10,90.54
2012-12-10 10:00:00,242.77,22.32,0.06,0.07,0.15,199.99,1.57,18.61,0,Winter,off-peak hour,0.10,24.28
2012-12-10 11:00:00,135.44,22.88,0.08,0.05,0.15,79.6,9.74,22.94,0,Winter,off-peak hour,0.10,13.54
2012-12-10 12:00:00,632.87,4.15,0.08,0.08,0.15,600.44,9.74,18.23,1,Winter,off-peak hour,0.10,63.29
2012-12-10 13:00:00,391.59,41.03,245.94,0.07,0.14,84.71,1.61,18.09,1,Winter,off-peak hour,0.10,39.16
2012-12-10 14:00:00,870.82,9.76,761.17,0.07,0.14,76.56,1,22.12,1,Winter,off-peak hour,0.10,87.08
2012-12-10 15:00:00,636.23,22.9,519.38,0.07,0.14,79.11,1,13.63,1,Winter,off-peak hour,0.10,63.62
2012-12-10 16:00:00,109.08,21.25,4.52,0.07,0.14,61.31,1,20.79,1,Winter,off-peak hour,0.10,10.91
2012-12-10 17:00:00,233.78,5.13,0.07,0.07,0.14,209.75,1,17.62,1,Winter,off-peak hour,0.10,23.38
2012-12-10 18:00:00,346.93,50.42,0.07,0.08,0.15,280.05,1,15.16,1,Winter,peak hour,0.22,76.32
2012-12-10 19:00:00,318.38,7.12,0.05,0.31,0.14,288.4,1,21.36,1,Winter,peak hour,0.22,70.04
2012-12-10 20:00:00,342.34,19.13,0.06,1,0.14,306.49,1,14.52,1,Winter,peak hour,0.22,75.31
2012-12-10 21:00:00,796.7,21.34,0.06,1,0.15,756.65,1,16.5,1,Winter,peak hour,0.22,175.27
2012-12-10 22:00:00,720.75,4.08,0.07,1,0.14,693.85,1,20.61,1,Winter,peak hour,0.22,158.57
2012-12-10 23:00:00,410.03,36.43,0.07,1,0.15,357.99,1,13.39,1,Winter,off-peak hour,0.10,41.00
2012-12-11 0:00:00,108.96,3.99,0.07,1,0.15,85.23,1,17.52,1,Winter,off-peak hour,0.10,10.90
2012-12-11 1:00:00,137.69,36.8,0.07,1,0.14,79.14,1,19.54,1,Winter,off-peak hour,0.10,13.77
2012-12-11 2:00:00,97.56,4.01,0.07,1,0.15,78.46,1,12.87,1,Winter,off-peak hour,0.10,9.76
2012-12-11 3:00:00,506.77,20.52,0.07,1,0.14,465.27,1,18.77,1,Winter,off-peak hour,0.10,50.68
2012-12-11 4:00:00,262.02,20.99,0.08,1,0.14,220.77,1,18.04,1,Winter,off-peak hour,0.10,26.20
2012-12-11 5:00:00,91.9,3.98,0.08,1,0.15,72.79,1,12.9,1,Winter,off-peak hour,0.10,9.19
2012-12-11 6:00:00,151.96,36.78,0.07,1,0.15,92.9,1,20.06,1,Winter,off-peak hour,0.10,15.20
2012-12-11 7:00:00,375.98,3.96,0.08,1,57.3,296.04,1,16.6,0,Winter,off-peak hour,0.10,37.60
2012-12-11 8:00:00,297.56,33.14,0.08,1,0.14,248.36,1,13.84,0,Winter,off-peak hour,0.10,29.76
2012-12-11 9:00:00,711.62,8.77,0.07,1,0.15,680.09,1,20.54,0,Winter,off-peak hour,0.10,71.16
2012-12-11 10:00:00,178.21,13.99,0.07,1,0.15,147.03,1,14.97,1,Winter,off-peak hour,0.10,17.82
2012-12-11 11:00:00,373.97,27.13,0.07,1,0.15,329.44,0.94,15.24,1,Winter,off-peak hour,0.10,37.40
2012-12-11 12:00:00,170.84,13.42,0.07,1,0.14,125.63,9.83,20.75,1,Winter,off-peak hour,0.10,17.08
2012-12-11 13:00:00,152.68,33.05,0.06,1,0.15,95.35,9.83,13.24,1,Winter,off-peak hour,0.10,15.27
2012-12-11 14:00:00,112.79,3.86,0.06,1,0.14,80.56,9.83,17.34,1,Winter,off-peak hour,0.10,11.28
2012-12-11 15:00:00,154.57,39.6,0.07,1,0.14,84.84,9.82,19.1,1,Winter,off-peak hour,0.10,15.46
2012-12-11 16:00:00,158.57,3.9,0.06,1,0.15,130.96,9.87,12.63,1,Winter,off-peak hour,0.10,15.86
2012-12-11 17:00:00,323.06,32.12,0.07,1,0.14,261.02,9.75,18.96,1,Winter,off-peak hour,0.10,32.31
2012-12-11 18:00:00,360.63,10.8,0.05,0.54,0.15,321.43,9.75,17.91,1,Winter,peak hour,0.22,79.34
2012-12-11 19:00:00,409.83,30.83,0.07,0.07,0.14,356.18,9.72,12.82,1,Winter,peak hour,0.22,90.16
2012-12-11 20:00:00,350.28,14.05,0.06,0.08,50.84,255.27,9.71,20.27,1,Winter,peak hour,0.22,77.06
2012-12-11 21:00:00,309.67,24.09,0.06,0.07,0.14,188.38,80.84,16.09,1,Winter,peak hour,0.22,68.13
2012-12-11 22:00:00,617.55,10.27,0.07,0.08,0.14,398.18,194.79,14.02,1,Winter,peak hour,0.22,135.86
2012-12-11 23:00:00,935.58,29.45,0.07,0.08,0.15,721.46,163.8,20.57,1,Winter,off-peak hour,0.10,93.56
2012-12-12 0:00:00,146.26,3.93,0.06,0.07,0.15,99.65,28.19,14.21,1,Winter,off-peak hour,0.10,14.63
2012-12-12 1:00:00,139.91,34.93,0.05,0.06,0.14,74.17,14.65,15.91,1,Winter,off-peak hour,0.10,13.99
2012-12-12 2:00:00,112.86,3.96,0.04,0.07,0.15,73.31,14.78,20.55,1,Winter,off-peak hour,0.10,11.29
2012-12-12 3:00:00,126.28,25.57,0.05,0.05,0.15,73.13,14.72,12.61,1,Winter,off-peak hour,0.10,12.63
2012-12-12 4:00:00,118.72,13.44,0.05,0.06,0.16,73.12,14.76,17.13,1,Winter,off-peak hour,0.10,11.87
2012-12-12 5:00:00,252.94,7.59,0.05,0.08,56.34,155.09,14.73,19.06,1,Winter,off-peak hour,0.10,25.29
2012-12-12 6:00:00,305.36,31.75,0.06,0.08,0.15,245.99,14.72,12.61,1,Winter,off-peak hour,0.10,30.54
2012-12-12 7:00:00,466.66,5.3,0.06,0.08,58.73,373.14,9.94,19.41,1,Winter,off-peak hour,0.10,46.67
2012-12-12 8:00:00,257.13,37.03,0.07,41.95,0.14,151.04,10.03,16.87,1,Winter,off-peak hour,0.10,25.71
2012-12-12 9:00:00,138.9,3.87,0.07,33.6,0.14,78.38,9.71,13.13,1,Winter,off-peak hour,0.10,13.89
2012-12-12 10:00:00,595.73,41.41,0.06,0.08,0.15,523.68,9.75,20.6,1,Winter,off-peak hour,0.10,59.57
2012-12-12 11:00:00,180.7,3.82,0.08,0.07,0.14,151.24,9.74,15.61,1,Winter,off-peak hour,0.10,18.07
2012-12-12 12:00:00,172.07,28.68,0.07,67.34,0.15,51.61,9.74,14.48,1,Winter,off-peak hour,0.10,17.21
2012-12-12 13:00:00,119.95,11.31,0.06,0.07,0.15,77.66,10.06,20.64,1,Winter,off-peak hour,0.10,12.00
2012-12-12 14:00:00,177.02,17.73,0.06,0.07,0.15,135.39,9.8,13.82,1,Winter,off-peak hour,0.10,17.70
2012-12-12 15:00:00,143,28.02,0.06,0.07,0.14,91.09,7.25,16.37,1,Winter,off-peak hour,0.10,14.30
2012-12-12 16:00:00,243.32,5.35,0.05,0.07,62.11,146.38,9.71,19.65,1,Winter,off-peak hour,0.10,24.33
2012-12-12 17:00:00,616.39,35.43,0.06,0.07,0.14,558.51,9.73,12.45,1,Winter,off-peak hour,0.10,61.64
2012-12-12 18:00:00,546.22,21.3,0.06,0.08,0.15,495.91,9.69,19.03,1,Winter,peak hour,0.22,120.17
2012-12-12 19:00:00,294.96,23.12,0.07,0.06,28.74,225.06,0.42,17.49,1,Winter,peak hour,0.22,64.89
2012-12-12 20:00:00,329.79,31.23,0.07,0.08,27.03,257.75,0.99,12.64,1,Winter,peak hour,0.22,72.55
2012-12-12 21:00:00,611.01,12.64,0.07,0.08,0.15,577.01,1,20.06,1,Winter,peak hour,0.22,134.42
2012-12-12 22:00:00,917.57,21.98,0.07,0.08,0.15,878.02,1,16.27,1,Winter,peak hour,0.22,201.87
2012-12-12 23:00:00,102.65,16.52,0.05,0.06,0.14,71.27,1,13.61,1,Winter,off-peak hour,0.10,10.27
2012-12-13 0:00:00,103.95,11.61,0.06,0.08,0.14,70.36,1,20.7,1,Winter,off-peak hour,0.10,10.40
2012-12-13 1:00:00,114.19,27.15,0.07,0.08,0.15,71.11,1,14.63,1,Winter,off-peak hour,0.10,11.42
2012-12-13 2:00:00,92.4,3.89,0.07,0.07,0.15,72.04,1,15.18,1,Winter,off-peak hour,0.10,9.24
2012-12-13 3:00:00,128.69,34.39,0.07,0.08,0.15,72.28,1,20.72,1,Winter,off-peak hour,0.10,12.87
2012-12-13 4:00:00,92.78,3.94,0.06,0.08,0.15,74.47,1,13.08,1,Winter,off-peak hour,0.10,9.28
2012-12-13 5:00:00,350.88,29.31,0.07,0.08,63.52,239.72,1,17.18,1,Winter,off-peak hour,0.10,35.09
2012-12-13 6:00:00,272.81,9.13,0.07,0.08,0.15,243.34,1,19.04,1,Winter,off-peak hour,0.10,27.28
2012-12-13 7:00:00,525.43,18.08,0.06,0.07,0.15,493.45,1,12.62,1,Winter,off-peak hour,0.10,52.54
2012-12-13 8:00:00,420.66,20.79,0.05,83.17,0.15,297.14,1,18.36,1,Winter,off-peak hour,0.10,42.07
2012-12-13 9:00:00,110.38,3.87,0.07,17.22,0.14,70.26,1,17.82,1,Winter,off-peak hour,0.10,11.04
2012-12-13 10:00:00,120.88,35.48,0.05,43.41,0.15,28.24,1,12.55,1,Winter,off-peak hour,0.10,12.09
2012-12-13 11:00:00,121.33,3.94,0.07,34.62,0.15,61.05,1,20.5,1,Winter,off-peak hour,0.10,12.13
2012-12-13 12:00:00,161.92,34.79,0.06,0.08,0.14,110.17,1,15.68,1,Winter,off-peak hour,0.10,16.19
2012-12-13 13:00:00,105.49,3.87,0.06,0.08,0.15,86.2,1,14.13,1,Winter,off-peak hour,0.10,10.55
2012-12-13 14:00:00,113.3,19.7,0.06,0.09,0.14,68.68,4.17,20.46,1,Winter,off-peak hour,0.10,11.33
2012-12-13 15:00:00,104.53,18.32,0.07,0.15,0.14,62.23,9.68,13.94,1,Winter,off-peak hour,0.10,10.45
2012-12-13 16:00:00,91.85,3.82,0.07,0.31,0.14,61.68,9.34,16.49,1,Winter,off-peak hour,0.10,9.19
2012-12-13 17:00:00,143.73,34.45,0.06,1,0.15,78.9,9.69,19.48,1,Winter,off-peak hour,0.10,14.37
2012-12-13 18:00:00,546.15,20.45,0.06,1,152.75,349.61,9.71,12.57,1,Winter,peak hour,0.22,120.15
2012-12-13 19:00:00,424.89,28.78,0.06,1,0.13,366.38,9.74,18.8,1,Winter,peak hour,0.22,93.48
2012-12-13 20:00:00,226.96,16.46,0.08,1,0.14,181.45,10.23,17.6,1,Winter,peak hour,0.22,49.93
2012-12-13 21:00:00,157.73,27.49,0.06,1,0.14,95.37,21.22,12.45,1,Winter,peak hour,0.22,34.70
2012-12-13 22:00:00,100.66,10.55,0.08,1,0.14,4.87,68.59,20.3,1,Winter,peak hour,0.22,22.15
2012-12-13 23:00:00,117.52,30.68,0.05,1,0.15,6.61,63.05,15.98,1,Winter,off-peak hour,0.10,11.75
2012-12-14 0:00:00,86.85,3.91,0.06,0.08,0.15,53.95,14.77,13.93,1,Winter,off-peak hour,0.10,8.69
2012-12-14 1:00:00,126.98,36,0.06,0.08,0.14,55.29,14.75,20.66,1,Winter,off-peak hour,0.10,12.70
2012-12-14 2:00:00,92.03,4.29,0.06,0.07,0.14,57.98,14.83,14.66,1,Winter,off-peak hour,0.10,9.20
2012-12-14 3:00:00,120.89,34.96,0.06,0.09,0.14,55.73,14.8,15.11,1,Winter,off-peak hour,0.10,12.09
2012-12-14 4:00:00,99.11,3.97,0.07,0.07,0.14,59.43,14.82,20.61,1,Winter,off-peak hour,0.10,9.91
2012-12-14 5:00:00,361.31,32.58,0.07,0.09,0.15,300.19,14.72,13.51,1,Winter,off-peak hour,0.10,36.13
2012-12-14 6:00:00,197.7,5.91,0.06,0.08,0.15,161.78,12.72,17,1,Winter,off-peak hour,0.10,19.77
2012-12-14 7:00:00,353.26,22.23,0.06,0.08,65.12,236.56,9.75,19.46,1,Winter,off-peak hour,0.10,35.33
2012-12-14 8:00:00,675.61,18.53,0.07,0.07,0.15,633.89,10.35,12.55,1,Winter,off-peak hour,0.10,67.56
2012-12-14 9:00:00,1010.2,13.26,0.07,82.86,0.14,885.3,10.11,18.46,1,Winter,off-peak hour,0.10,101.02
2012-12-14 10:00:00,221.55,27.81,0.07,13.85,0.15,152.06,9.75,17.86,1,Winter,off-peak hour,0.10,22.16
2012-12-14 11:00:00,418.64,23.59,0.07,0.07,64.21,308.18,9.74,12.78,1,Winter,off-peak hour,0.10,41.86
2012-12-14 12:00:00,1011.02,19.68,0.06,53.34,43.01,864.94,9.76,20.23,1,Winter,off-peak hour,0.10,101.10
2012-12-14 13:00:00,578.15,29.59,0.06,0.08,0.15,522.77,9.73,15.77,1,Winter,off-peak hour,0.10,57.82
2012-12-14 14:00:00,110.8,10.55,0.06,49.71,0.14,26.43,9.74,14.17,1,Winter,off-peak hour,0.10,11.08
2012-12-14 15:00:00,235.6,28.69,0.05,0.36,101.11,75.17,9.72,20.5,1,Winter,off-peak hour,0.10,23.56
2012-12-14 16:00:00,169.74,11.3,0.06,1,0.14,133.07,9.74,14.43,1,Winter,off-peak hour,0.10,16.97
2012-12-14 17:00:00,387.21,19.02,0.06,1,0.15,341.78,9.74,15.46,1,Winter,off-peak hour,0.10,38.72
2012-12-14 18:00:00,401.68,19.01,0.06,0.56,57.64,294.26,9.74,20.41,1,Winter,peak hour,0.22,88.37
2012-12-14 19:00:00,295.38,35.37,0.06,0.07,0.14,236.58,9.75,13.41,1,Winter,peak hour,0.22,64.98
2012-12-14 20:00:00,297.02,3.96,0.06,0.07,33.2,232.88,10.02,16.83,1,Winter,peak hour,0.22,65.34
2012-12-14 21:00:00,615.4,34.53,0.06,0.06,0.14,551.28,9.68,19.65,1,Winter,peak hour,0.22,135.39
2012-12-14 22:00:00,871.7,4,0.07,0.07,0.14,845.11,9.72,12.59,1,Winter,peak hour,0.22,191.77
2012-12-14 23:00:00,119.14,26.42,0.07,0.08,0.14,64.74,9.72,17.97,1,Winter,off-peak hour,0.10,11.91
2012-12-15 0:00:00,100.71,10.32,0.06,0.08,0.14,61.91,9.69,18.51,1,Winter,off-peak hour,0.10,10.07
2012-12-15 1:00:00,104.18,17.59,0.06,0.08,0.15,63.76,9.71,12.83,1,Winter,off-peak hour,0.10,10.42
2012-12-15 2:00:00,111.53,19.48,0.07,0.06,0.14,62.92,9.76,19.1,1,Winter,off-peak hour,0.10,11.15
2012-12-15 3:00:00,97.72,7.51,0.07,0.06,0.15,62.58,9.73,17.62,1,Winter,off-peak hour,0.10,9.77
2012-12-15 4:00:00,117.06,29.55,0.06,0.07,0.15,64.63,9.76,12.84,1,Winter,off-peak hour,0.10,11.71
2012-12-15 5:00:00,410.39,3.96,0.08,0.08,0.14,376.66,9.72,19.75,1,Winter,off-peak hour,0.10,41.04
2012-12-15 6:00:00,284.58,32.68,0.07,78.37,0.14,147.02,9.71,16.59,1,Winter,off-peak hour,0.10,28.46
2012-12-15 7:00:00,254.82,3.95,0.06,45.81,0.15,182.06,9.76,13.03,0,Winter,off-peak hour,0.10,25.48
2012-12-15 8:00:00,290.23,33.25,0.07,11.21,0.14,215.35,9.73,20.48,0,Winter,off-peak hour,0.10,29.02
2012-12-15 9:00:00,277.44,22.06,0.05,0.09,57.98,171.64,9.72,15.9,0,Winter,off-peak hour,0.10,27.74
2012-12-15 10:00:00,112.8,31.02,0.07,0.08,0.14,57.69,9.7,14.1,0,Winter,off-peak hour,0.10,11.28
2012-12-15 11:00:00,567.24,4.25,0.07,0.08,0.21,532.35,9.72,20.56,1,Winter,off-peak hour,0.10,56.72
2012-12-15 12:00:00,241.99,45.01,0.08,0.08,1,171.36,9.74,14.72,1,Winter,off-peak hour,0.10,24.20
2012-12-15 13:00:00,166.69,16.59,0.08,0.07,1,124.27,9.74,14.94,1,Winter,off-peak hour,0.10,16.67
2012-12-15 14:00:00,148.65,18.72,0.09,0.08,1,98.57,9.72,20.47,1,Winter,off-peak hour,0.10,14.87
2012-12-15 15:00:00,101.18,24.97,0.06,0.09,1,51.5,9.74,13.82,1,Winter,off-peak hour,0.10,10.12
2012-12-15 16:00:00,83.5,3.94,0.07,0.08,1,52.41,9.72,16.28,1,Winter,off-peak hour,0.10,8.35
2012-12-15 17:00:00,121.77,37.4,0.06,0.08,1,53.51,9.69,20.03,1,Winter,off-peak hour,0.10,12.18
2012-12-15 18:00:00,107.69,4.01,0.07,0.07,1,80.12,9.7,12.72,1,Winter,peak hour,0.22,23.69
2012-12-15 19:00:00,291.9,28.01,0.08,101.83,1,133.42,9.66,17.9,1,Winter,peak hour,0.22,64.22
2012-12-15 20:00:00,286.07,22.32,0.06,23.57,1,210.96,9.66,18.5,1,Winter,peak hour,0.22,62.94
2012-12-15 21:00:00,628.4,7.55,0.06,0.08,1,596.19,9.67,13.85,1,Winter,peak hour,0.22,138.25
2012-12-15 22:00:00,554.54,38.16,0.06,0.09,1,486.7,9.71,18.82,1,Winter,peak hour,0.22,122.00
2012-12-15 23:00:00,504.81,4,0.06,0.09,0.4,472.14,9.74,18.38,1,Winter,off-peak hour,0.10,50.48
2012-12-16 0:00:00,121.25,38.02,0.07,0.08,0.13,60.37,9.73,12.85,1,Winter,off-peak hour,0.10,12.13
2012-12-16 1:00:00,92.24,3.96,0.07,0.08,0.13,59.58,9.72,18.7,1,Winter,off-peak hour,0.10,9.22
2012-12-16 2:00:00,114.44,25.87,0.06,0.08,0.14,61.02,9.73,17.54,1,Winter,off-peak hour,0.10,11.44
2012-12-16 3:00:00,98.22,15.04,0.06,0.08,0.13,60.68,9.71,12.52,1,Winter,off-peak hour,0.10,9.82
2012-12-16 4:00:00,101.69,11.09,0.07,0.09,0.13,60.44,9.73,20.14,1,Winter,off-peak hour,0.10,10.17
2012-12-16 5:00:00,120.01,29.35,0.07,0.08,0.14,64.58,9.74,16.05,1,Winter,off-peak hour,0.10,12.00
2012-12-16 6:00:00,109.43,5.81,0.06,0.08,0.13,78.98,9.73,14.64,1,Winter,off-peak hour,0.10,10.94
2012-12-16 7:00:00,261.53,39.63,0.07,0.07,0.14,191.41,9.73,20.48,1,Winter,off-peak hour,0.10,26.15
2012-12-16 8:00:00,535.87,4.2,0.07,53.65,78.81,375.82,9.72,13.6,0,Winter,off-peak hour,0.10,53.59
2012-12-16 9:00:00,661.65,43.34,0.06,37.67,0.13,554.22,9.74,16.49,0,Winter,off-peak hour,0.10,66.17
2012-12-16 10:00:00,1166.72,3.95,0.07,0.07,67.66,1065.69,9.71,19.57,0,Winter,off-peak hour,0.10,116.67
2012-12-16 11:00:00,288.33,34.31,0.08,50.81,0.14,180.75,9.73,12.51,0,Winter,off-peak hour,0.10,28.83
2012-12-16 12:00:00,142.97,3.95,0.07,0.08,0.14,110.38,9.7,18.65,1,Winter,off-peak hour,0.10,14.30
2012-12-16 13:00:00,135.69,31.53,0.07,0.08,0.15,76.56,9.73,17.57,1,Winter,off-peak hour,0.10,13.57
2012-12-16 14:00:00,617.78,4.97,0.08,0.09,0.14,590.17,9.76,12.57,0,Winter,off-peak hour,0.10,61.78
2012-12-16 15:00:00,945.06,33.78,0.07,0.07,122.52,758.52,9.77,20.33,0,Winter,off-peak hour,0.10,94.51
2012-12-16 16:00:00,436.81,3.98,0.06,0.08,98.62,308.33,9.71,16.03,0,Winter,off-peak hour,0.10,43.68
2012-12-16 17:00:00,1447.97,38.94,0.05,0.08,0.14,1314.48,80.24,14.04,1,Winter,off-peak hour,0.10,144.80
2012-12-16 18:00:00,1063.06,3.86,0.07,0.08,0.14,839.79,198.71,20.41,1,Winter,peak hour,0.22,233.87
2012-12-16 19:00:00,371.37,37.13,0.06,0.08,0.14,202.59,116.75,14.62,1,Winter,peak hour,0.22,81.70
2012-12-16 20:00:00,172.24,3.95,0.32,130.26,0.14,3.69,18.45,15.43,1,Winter,peak hour,0.22,37.89
2012-12-16 21:00:00,727.05,33.49,521.95,72.25,0.14,68.15,10.64,20.43,1,Winter,peak hour,0.22,159.95
2012-12-16 22:00:00,1627.3,3.97,800.66,6.28,0.14,793.42,9.71,13.12,1,Winter,peak hour,0.22,358.01
2012-12-16 23:00:00,746.94,35.1,196.75,0.05,0.14,487.98,9.75,17.17,1,Winter,off-peak hour,0.10,74.69
2012-12-17 0:00:00,90.49,3.96,0.06,0.08,0.14,57.33,9.7,19.22,1,Winter,off-peak hour,0.10,9.05
2012-12-17 1:00:00,109.23,30.06,0.08,0.08,0.14,56.45,9.72,12.7,1,Winter,off-peak hour,0.10,10.92
2012-12-17 2:00:00,94.06,7.09,0.06,0.06,0.14,58.16,9.72,18.83,1,Winter,off-peak hour,0.10,9.41
2012-12-17 3:00:00,109.24,24.12,0.06,0.08,0.14,57.57,9.71,17.56,1,Winter,off-peak hour,0.10,10.92
2012-12-17 4:00:00,94.17,12.72,0.05,0.08,0.15,58.65,9.72,12.8,1,Winter,off-peak hour,0.10,9.42
2012-12-17 5:00:00,106.77,18.44,0.06,0.08,0.15,57.43,9.72,20.89,1,Winter,off-peak hour,0.10,10.68
2012-12-17 6:00:00,105.15,18.15,0.06,0.08,0.15,62,9.73,14.98,1,Winter,off-peak hour,0.10,10.52
2012-12-17 7:00:00,200.62,11.84,0.07,2.79,0.14,160.57,9.72,15.49,1,Winter,off-peak hour,0.10,20.06
2012-12-17 8:00:00,387.69,26.34,0.05,94.8,61.76,174.49,9.71,20.54,1,Winter,off-peak hour,0.10,38.77
2012-12-17 9:00:00,627.47,5.16,0.06,0.08,0.15,599.29,9.73,13,1,Winter,off-peak hour,0.10,62.75
2012-12-17 10:00:00,214.61,30.79,0.07,74.8,52.96,29.29,9.73,16.97,1,Winter,off-peak hour,0.10,21.46
2012-12-17 11:00:00,143.04,3.96,0.09,22.59,0.15,86.75,9.74,19.76,1,Winter,off-peak hour,0.10,14.30
2012-12-17 12:00:00,153.79,32.06,0.07,0.08,0.15,99.23,9.7,12.5,1,Winter,off-peak hour,0.10,15.38
2012-12-17 13:00:00,104.08,3.95,0.06,0.09,0.14,72.02,9.72,18.1,1,Winter,off-peak hour,0.10,10.41
2012-12-17 14:00:00,116.42,32.84,0.07,0.07,0.14,55.37,9.7,18.23,1,Winter,off-peak hour,0.10,11.64
2012-12-17 15:00:00,81.91,3.9,0.05,0.08,0.14,55.39,9.7,12.65,1,Winter,off-peak hour,0.10,8.19
2012-12-17 16:00:00,115.77,30.37,0.07,0.08,0.14,55.84,9.73,19.54,1,Winter,off-peak hour,0.10,11.58
2012-12-17 17:00:00,197.05,6.56,0.06,0.07,0.15,163.28,10.07,16.86,1,Winter,off-peak hour,0.10,19.71
2012-12-17 18:00:00,486.66,30.63,0.07,0.08,0.14,433.08,9.74,12.92,1,Winter,peak hour,0.22,107.07
2012-12-17 19:00:00,519.17,22.06,0.06,62.97,0.14,403.27,9.72,20.95,1,Winter,peak hour,0.22,114.22
2012-12-17 20:00:00,484.39,17.93,0.07,65.55,42.88,248.4,94.44,15.12,1,Winter,peak hour,0.22,106.57
2012-12-17 21:00:00,349.79,21.06,0.07,34.85,0.14,79.76,198.2,15.71,1,Winter,peak hour,0.22,76.95
2012-12-17 22:00:00,150.82,15.28,0.08,0.08,0.14,4.94,114.97,20.27,1,Winter,peak hour,0.22,33.18
2012-12-17 23:00:00,113.07,21.55,0.07,0.09,0.14,58.95,18.75,13.52,1,Winter,off-peak hour,0.10,11.31
2012-12-18 0:00:00,104.7,7.87,0.07,0.08,0.15,64.42,14.66,17.45,1,Winter,off-peak hour,0.10,10.47
2012-12-18 1:00:00,130.4,29.16,0.06,0.08,0.15,67.16,14.76,19.03,1,Winter,off-peak hour,0.10,13.04
2012-12-18 2:00:00,98.41,6.27,0.06,0.08,0.15,64.22,14.82,12.81,1,Winter,off-peak hour,0.10,9.84
2012-12-18 3:00:00,131.92,33.85,0.06,0.09,0.15,64.2,14.8,18.77,1,Winter,off-peak hour,0.10,13.19
2012-12-18 4:00:00,105.27,6.87,0.06,0.08,0.14,65.58,14.82,17.72,1,Winter,off-peak hour,0.10,10.53
2012-12-18 5:00:00,381.73,33.6,0.06,0.07,0.14,320.23,14.8,12.83,1,Winter,off-peak hour,0.10,38.17
2012-12-18 6:00:00,235.59,3.95,0.08,0.08,0.14,198.36,12.61,20.37,1,Winter,off-peak hour,0.10,23.56
2012-12-18 7:00:00,488.19,33.6,0.09,0.06,71.67,356.87,9.72,16.18,1,Winter,off-peak hour,0.10,48.82
2012-12-18 8:00:00,756.92,3.94,0.08,0.08,0.15,728.76,9.73,14.18,1,Winter,off-peak hour,0.10,75.69
2012-12-18 9:00:00,689.98,28,0.05,0.08,0.15,631.39,9.69,20.62,1,Winter,off-peak hour,0.10,69.00
2012-12-18 10:00:00,363.09,8.99,0.08,92.22,0.14,237.85,9.72,14.09,1,Winter,off-peak hour,0.10,36.31
2012-12-18 11:00:00,300.61,19.58,0.08,0.07,0.15,254.47,9.75,16.51,1,Winter,off-peak hour,0.10,30.06
2012-12-18 12:00:00,527.35,36.62,0.06,0.08,0.14,461.12,9.75,19.58,1,Winter,off-peak hour,0.10,52.74
2012-12-18 13:00:00,121.78,11.26,0.06,0.08,0.14,88.07,9.72,12.45,1,Winter,off-peak hour,0.10,12.18
2012-12-18 14:00:00,218.68,25.7,0.08,0.08,82.11,81.05,9.72,19.94,1,Winter,off-peak hour,0.10,21.87
2012-12-18 15:00:00,212.17,24.7,0.09,0.08,0.15,159.96,9.74,17.45,1,Winter,off-peak hour,0.10,21.22
2012-12-18 16:00:00,261.79,16.07,0.07,0.08,0.14,222.84,9.8,12.79,1,Winter,off-peak hour,0.10,26.18
2012-12-18 17:00:00,303.7,33.45,0.07,0.08,0.14,239.66,9.69,20.61,1,Winter,off-peak hour,0.10,30.37
2012-12-18 18:00:00,307.18,13.21,0.07,0.08,0.15,267.79,9.73,16.15,1,Winter,peak hour,0.22,67.58
2012-12-18 19:00:00,335.37,29.61,0.07,0.07,0.14,281.55,9.73,14.2,1,Winter,peak hour,0.22,73.78
2012-12-18 20:00:00,395.83,25.49,0.08,0.07,38.93,300.74,9.74,20.78,1,Winter,peak hour,0.22,87.08
2012-12-18 21:00:00,650.08,10.72,0.08,0.08,0.14,615.37,9.64,14.05,1,Winter,peak hour,0.22,143.02
2012-12-18 22:00:00,736.32,36.45,0.08,0.09,0.15,673.72,9.69,16.14,1,Winter,peak hour,0.22,161.99
2012-12-18 23:00:00,254.11,3.96,0.07,0.08,0.15,219.66,9.72,20.47,1,Winter,off-peak hour,0.10,25.41
2012-12-19 0:00:00,113.3,31.62,0.05,0.08,0.15,58.92,9.72,12.76,1,Winter,off-peak hour,0.10,11.33
2012-12-19 1:00:00,88.78,3.96,0.08,0.08,0.15,57.33,9.72,17.46,1,Winter,off-peak hour,0.10,8.88
2012-12-19 2:00:00,120.67,32.07,0.07,0.07,0.15,59.28,9.74,19.29,1,Winter,off-peak hour,0.10,12.07
2012-12-19 3:00:00,84.47,3.98,0.08,0.08,0.15,57.53,9.76,12.89,1,Winter,off-peak hour,0.10,8.45
2012-12-19 4:00:00,119.02,31.79,0.08,0.09,0.15,58.69,9.68,18.54,1,Winter,off-peak hour,0.10,11.90
2012-12-19 5:00:00,279.26,3.92,0.08,0.07,45.01,202.23,9.74,18.21,1,Winter,off-peak hour,0.10,27.93
2012-12-19 6:00:00,116.41,31.4,0.08,0.07,0.15,62.36,9.72,12.63,1,Winter,off-peak hour,0.10,11.64
2012-12-19 7:00:00,412.11,4.49,0.08,0.08,77.82,299.65,9.72,20.27,1,Winter,off-peak hour,0.10,41.21
2012-12-19 8:00:00,309.84,30.94,0.08,79.09,0.15,87.91,95.17,16.5,1,Winter,off-peak hour,0.10,30.98
2012-12-19 9:00:00,84.29,3.95,0.07,0.07,0.15,0.11,66.51,13.54,1,Winter,off-peak hour,0.10,8.43
2012-12-19 10:00:00,944.67,28.75,0.09,0.08,0.14,737.67,157.34,20.6,1,Winter,off-peak hour,0.10,94.47
2012-12-19 11:00:00,342.79,7.66,0.07,0.08,0.14,292.62,27.16,15.06,1,Winter,off-peak hour,0.10,34.28
2012-12-19 12:00:00,341.41,31.94,0.08,0.08,0.14,279.18,14.66,15.33,1,Winter,off-peak hour,0.10,34.14
2012-12-19 13:00:00,895.23,7.75,664.98,0.07,0.14,187,14.73,20.56,1,Winter,off-peak hour,0.10,89.52
2012-12-19 14:00:00,1003.58,32.4,799.98,84.2,0.14,58.97,14.68,13.21,1,Winter,off-peak hour,0.10,100.36
2012-12-19 15:00:00,221.82,6.65,82.85,0.07,0.14,100.06,14.77,17.28,1,Winter,off-peak hour,0.10,22.18
2012-12-19 16:00:00,428.57,31.26,0.07,0.08,0.14,363.9,13.89,19.23,1,Winter,off-peak hour,0.10,42.86
2012-12-19 17:00:00,992.76,7.2,0.08,0.08,54.89,907.96,9.73,12.82,1,Winter,off-peak hour,0.10,99.28
2012-12-19 18:00:00,361.23,37.57,0.07,0.08,0.14,294.26,9.74,19.37,1,Winter,peak hour,0.22,79.47
2012-12-19 19:00:00,1045.4,3.9,0.07,72.88,0.14,941.64,9.75,17.02,1,Winter,peak hour,0.22,229.99
2012-12-19 20:00:00,280.85,34.05,0.07,0.08,0.14,223.19,9.73,13.59,1,Winter,peak hour,0.22,61.79
2012-12-19 21:00:00,685.02,3.91,413.17,0.08,0.15,237.33,9.65,20.73,1,Winter,peak hour,0.22,150.70
2012-12-19 22:00:00,1154.06,30.28,745.72,0.08,0.19,354.74,9.73,13.32,1,Winter,peak hour,0.22,253.89
2012-12-19 23:00:00,586.02,3.89,363.88,0.06,0.14,193.06,9.72,15.27,1,Winter,off-peak hour,0.10,58.60
2012-12-20 0:00:00,935.31,32.53,0.06,0.08,0.14,872.25,9.73,20.52,1,Winter,off-peak hour,0.10,93.53
2012-12-20 1:00:00,518.12,4.01,0.07,0.08,0.14,490.43,9.72,13.67,1,Winter,off-peak hour,0.10,51.81
2012-12-20 2:00:00,123.75,31.61,0.06,0.07,0.15,65.61,9.73,16.52,1,Winter,off-peak hour,0.10,12.38
2012-12-20 3:00:00,99.81,4.03,0.04,0.08,0.15,65.75,9.7,20.06,1,Winter,off-peak hour,0.10,9.98
2012-12-20 4:00:00,120.66,31.82,0.07,0.08,0.14,66.04,9.73,12.78,1,Winter,off-peak hour,0.10,12.07
2012-12-20 5:00:00,269.68,4.02,0.07,0.08,0.14,237.57,9.75,18.05,1,Winter,off-peak hour,0.10,26.97
2012-12-20 6:00:00,401.21,31.73,0.07,0.09,0.14,340.65,9.73,18.8,1,Winter,off-peak hour,0.10,40.12
2012-12-20 7:00:00,136.07,6.03,0.07,0.07,0.15,107.39,9.7,12.66,1,Winter,off-peak hour,0.10,13.61
2012-12-20 8:00:00,343.69,28.11,0.06,74.06,61.67,150.49,9.76,19.54,1,Winter,off-peak hour,0.10,34.37
2012-12-20 9:00:00,925.52,10.4,0.31,37.19,0.14,850.32,9.76,17.4,1,Winter,off-peak hour,0.10,92.55
2012-12-20 10:00:00,405.74,25.3,0.07,0.08,122.94,234.69,9.98,12.68,1,Winter,off-peak hour,0.10,40.57
2012-12-20 11:00:00,301.55,11.44,15.16,0.08,0.14,243.76,10.29,20.68,1,Winter,off-peak hour,0.10,30.16
2012-12-20 12:00:00,1714.26,25.93,693.49,0.08,0.14,969.03,9.72,15.87,1,Winter,off-peak hour,0.10,171.43
2012-12-20 13:00:00,1012.78,10.31,789.88,0.08,0.14,188.02,9.71,14.64,1,Winter,off-peak hour,0.10,101.28
2012-12-20 14:00:00,243.43,24.57,80.3,0.09,45.64,62.55,9.74,20.54,1,Winter,off-peak hour,0.10,24.34
2012-12-20 15:00:00,291.58,11.88,174.05,0.08,0.14,81.49,9.7,14.24,1,Winter,off-peak hour,0.10,29.16
2012-12-20 16:00:00,1085.63,23.73,763.02,0.07,45.7,227.53,9.73,15.85,1,Winter,off-peak hour,0.10,108.56
2012-12-20 17:00:00,402.3,12.81,303.77,0.07,1,54.34,9.71,20.6,1,Winter,off-peak hour,0.10,40.23
2012-12-20 18:00:00,126.5,19.72,0.06,0.08,1,82.93,9.71,13,1,Winter,peak hour,0.22,27.83
2012-12-20 19:00:00,132.55,15.55,0.05,0.08,1,88.48,9.73,17.66,1,Winter,peak hour,0.22,29.16
2012-12-20 20:00:00,102.2,16.83,0.07,0.08,1,55.49,9.72,19.01,1,Winter,peak hour,0.22,22.48
2012-12-20 21:00:00,98.63,19.05,0.06,0.08,1,56,9.65,12.79,1,Winter,peak hour,0.22,21.70
2012-12-20 22:00:00,167.62,11.85,0.07,0.08,1,125.7,9.71,19.21,1,Winter,peak hour,0.22,36.88
2012-12-20 23:00:00,118.67,24,0.08,0.1,1,65.74,9.74,18.01,1,Winter,off-peak hour,0.10,11.87
2012-12-21 0:00:00,86.4,6.34,0.08,0.08,1,56.44,9.71,12.75,1,Winter,off-peak hour,0.10,8.64
2012-12-21 1:00:00,116.47,29.33,0.07,0.07,1,56.14,9.75,20.11,1,Winter,off-peak hour,0.10,11.65
2012-12-21 2:00:00,88.33,3.96,0.07,0.08,1,57.1,9.72,16.4,1,Winter,off-peak hour,0.10,8.83
2012-12-21 3:00:00,112.14,32.05,0.07,0.07,1,55.36,9.73,13.86,1,Winter,off-peak hour,0.10,11.21
2012-12-21 4:00:00,94.57,3.96,0.07,0.08,1,59.02,9.72,20.72,1,Winter,off-peak hour,0.10,9.46
2012-12-21 5:00:00,313.44,33.29,0.07,0.07,1,254.02,9.73,15.26,1,Winter,off-peak hour,0.10,31.34
2012-12-21 6:00:00,91.36,4,0.07,0.07,1,61.12,9.7,15.4,1,Winter,off-peak hour,0.10,9.14
2012-12-21 7:00:00,196.44,31.66,0.07,0.07,1,133.26,9.7,20.68,1,Winter,off-peak hour,0.10,19.64
2012-12-21 8:00:00,100.19,3.94,0.08,0.08,1,71.57,9.97,13.55,1,Winter,off-peak hour,0.10,10.02
2012-12-21 9:00:00,116.76,31.92,0.08,0.08,1,56.81,9.95,16.92,1,Winter,off-peak hour,0.10,11.68
2012-12-21 10:00:00,91.93,3.98,0.07,0.08,1,57.17,9.7,19.93,1,Winter,off-peak hour,0.10,9.19
2012-12-21 11:00:00,134.22,29.28,0.07,0.07,1,72.65,18.26,12.89,1,Winter,off-peak hour,0.10,13.42
2012-12-21 12:00:00,130.1,6.34,0.07,0.07,1,103.22,1,18.4,1,Winter,off-peak hour,0.10,13.01
2012-12-21 13:00:00,135.9,24.87,0.08,0.09,1,87.95,3.79,18.12,1,Winter,off-peak hour,0.10,13.59
2012-12-21 14:00:00,471.07,11.02,0.08,0.08,0.99,436.62,9.7,12.58,0,Winter,off-peak hour,0.10,47.11
2012-12-21 15:00:00,314.15,25.03,0.07,0.07,0.13,258.5,9.73,20.62,0,Winter,off-peak hour,0.10,31.42
2012-12-21 16:00:00,96.65,11.23,0.08,0.08,0.14,59.15,9.73,16.24,0,Winter,off-peak hour,0.10,9.67
2012-12-21 17:00:00,421.83,19.78,0.07,0.07,0.13,377.99,9.72,14.07,0,Winter,off-peak hour,0.10,42.18
2012-12-21 18:00:00,437.64,18.88,0.08,0.08,0.14,388.02,9.73,20.71,0,Winter,peak hour,0.22,96.28
2012-12-21 19:00:00,393.36,14.04,0.07,0.07,0.13,354.3,9.73,15.02,1,Winter,peak hour,0.22,86.54
2012-12-21 20:00:00,403.93,22.11,0.07,0.08,55.2,300.85,9.77,15.85,1,Winter,peak hour,0.22,88.86
2012-12-21 21:00:00,1030.01,11.98,0.07,0.07,0.14,987.94,9.22,20.59,1,Winter,peak hour,0.22,226.60
2012-12-21 22:00:00,610.16,24.3,0.07,0.08,0.13,562.81,9.73,13.04,1,Winter,peak hour,0.22,134.24
2012-12-21 23:00:00,102.22,7.53,0.07,0.08,0.14,67.25,9.73,17.42,1,Winter,off-peak hour,0.10,10.22
2012-12-22 0:00:00,133.93,28.38,0.08,0.08,0.14,75.77,9.73,19.75,1,Winter,off-peak hour,0.10,13.39
2012-12-22 1:00:00,94.32,6.36,0.07,0.08,0.14,65,9.75,12.92,1,Winter,off-peak hour,0.10,9.43
2012-12-22 2:00:00,124.71,32.61,0.07,0.08,0.14,63.67,9.71,18.43,1,Winter,off-peak hour,0.10,12.47
2012-12-22 3:00:00,99.35,5.57,0.08,0.08,0.13,65.03,9.73,18.73,1,Winter,off-peak hour,0.10,9.94
2012-12-22 4:00:00,270.64,34.22,0.08,0.09,0.14,213.6,9.71,12.8,1,Winter,off-peak hour,0.10,27.06
2012-12-22 5:00:00,243.32,6.9,0.07,0.08,0.14,206.66,9.73,19.74,1,Winter,off-peak hour,0.10,24.33
2012-12-22 6:00:00,196.36,33.75,0.07,0.08,0.14,135.77,9.72,16.83,1,Winter,off-peak hour,0.10,19.64
2012-12-22 7:00:00,323.43,6.68,0.08,0.08,65.44,227.63,9.71,13.81,1,Winter,off-peak hour,0.10,32.34
2012-12-22 8:00:00,267.94,36.28,0.07,0.09,0.54,200.57,9.78,20.61,1,Winter,off-peak hour,0.10,26.79
2012-12-22 9:00:00,197.3,3.81,0.07,0.07,1,167.6,9.72,15.03,1,Winter,off-peak hour,0.10,19.73
2012-12-22 10:00:00,808.65,34.69,0.07,0.09,1,746.92,9.71,16.17,1,Winter,off-peak hour,0.10,80.87
2012-12-22 11:00:00,649.4,27.94,0.07,0.08,1,588.99,9.7,21.62,1,Winter,off-peak hour,0.10,64.94
2012-12-22 12:00:00,204.77,17.36,0.07,0.08,1,161.58,9.71,14.97,1,Winter,off-peak hour,0.10,20.48
2012-12-22 13:00:00,186.63,32.78,0.07,0.09,1,126.21,9.72,16.76,1,Winter,off-peak hour,0.10,18.66
2012-12-22 14:00:00,255.81,6.94,0.07,0.08,1,217.84,9.71,20.17,1,Winter,off-peak hour,0.10,25.58
2012-12-22 15:00:00,325.94,30.5,0.07,0.08,1,271.72,9.77,12.8,1,Winter,off-peak hour,0.10,32.59
2012-12-22 16:00:00,600.96,13,0.08,0.08,1,558.06,9.67,19.07,1,Winter,off-peak hour,0.10,60.10
2012-12-22 17:00:00,1049.59,23.04,0.06,0.08,1,998.52,9.7,17.19,1,Winter,off-peak hour,0.10,104.96
2012-12-22 18:00:00,646.57,22.09,0.05,0.08,1,599.44,9.75,14.16,1,Winter,peak hour,0.22,142.25
2012-12-22 19:00:00,542.61,47.55,0.05,0.07,29.92,434.29,9.74,20.99,1,Winter,peak hour,0.22,119.37
2012-12-22 20:00:00,424.64,44.92,0.07,0.07,15.38,340.63,9.69,13.88,1,Winter,peak hour,0.22,93.42
2012-12-22 21:00:00,309.47,44.05,0.06,0.08,0.13,238.15,9.63,17.37,1,Winter,peak hour,0.22,68.08
2012-12-22 22:00:00,617.28,43.7,0.06,0.08,0.14,544.88,9.7,18.72,1,Winter,peak hour,0.22,135.80
2012-12-22 23:00:00,624.66,43,0.06,0.08,0.16,558.94,9.74,12.68,1,Winter,off-peak hour,0.10,62.47
2012-12-23 0:00:00,413.58,42.64,0.07,0.07,0.13,340.5,9.75,20.42,1,Winter,off-peak hour,0.10,41.36
2012-12-23 1:00:00,93.29,7.58,0.07,0.08,0.14,59.87,9.7,15.85,1,Winter,off-peak hour,0.10,9.33
2012-12-23 2:00:00,89.43,4.17,0.07,0.09,0.14,60,9.73,15.23,1,Winter,off-peak hour,0.10,8.94
2012-12-23 3:00:00,94.82,4.15,0.07,0.08,0.14,59.89,9.71,20.78,1,Winter,off-peak hour,0.10,9.48
2012-12-23 4:00:00,87.27,4.05,0.07,0.08,0.14,59.96,9.71,13.26,1,Winter,off-peak hour,0.10,8.73
2012-12-23 5:00:00,91.23,3.94,0.07,0.08,0.14,59.53,9.7,17.77,1,Winter,off-peak hour,0.10,9.12
2012-12-23 6:00:00,268.66,3.86,0.07,0.08,0.14,236.12,9.72,18.67,1,Winter,off-peak hour,0.10,26.87
2012-12-23 7:00:00,374.03,9.84,0.06,0.08,0.14,341.33,9.74,12.84,1,Winter,off-peak hour,0.10,37.40
2012-12-23 8:00:00,334.41,50.85,0.06,0.08,0.15,253.81,9.69,19.77,0,Winter,off-peak hour,0.10,33.44
2012-12-23 9:00:00,210.61,23.66,0.07,0.08,52.37,107.56,9.71,17.16,0,Winter,off-peak hour,0.10,21.06
2012-12-23 10:00:00,161.01,4.02,0.06,0.08,0.14,133.78,9.73,13.2,0,Winter,off-peak hour,0.10,16.10
2012-12-23 11:00:00,399.42,4.1,0.06,0.07,0.14,366.25,7.87,20.93,0,Winter,off-peak hour,0.10,39.94
2012-12-23 12:00:00,638.5,40.14,0.05,0.08,0.77,573.16,9.27,15.03,0,Winter,off-peak hour,0.10,63.85
2012-12-23 13:00:00,701.63,41.24,0.06,0.08,1,633.79,9.76,15.7,0,Winter,off-peak hour,0.10,70.16
2012-12-23 14:00:00,125.47,4.06,0.06,0.08,1,87.23,9.74,23.3,0,Winter,off-peak hour,0.10,12.55
2012-12-23 15:00:00,89.18,3.94,0.07,0.07,1,60.48,9.73,13.89,0,Winter,off-peak hour,0.10,8.92
2012-12-23 16:00:00,157.33,3.87,0.06,0.07,1,123.39,9.72,19.22,0,Winter,off-peak hour,0.10,15.73
2012-12-23 17:00:00,882.56,43.38,0.06,0.07,1,809.77,9.72,18.56,1,Winter,off-peak hour,0.10,88.26
2012-12-23 18:00:00,1608.44,47.13,0.06,0.08,1,1537.3,9.73,13.14,1,Winter,peak hour,0.22,353.86
2012-12-23 19:00:00,621.83,4.57,0.07,0.08,1,582.73,12.91,20.47,1,Winter,peak hour,0.22,136.80
2012-12-23 20:00:00,505.68,3.87,0.07,0.08,1,322.99,158.45,19.22,1,Winter,peak hour,0.22,111.25
2012-12-23 21:00:00,937.11,47.32,0.07,0.08,1,848.04,23.9,16.7,1,Winter,peak hour,0.22,206.16
2012-12-23 22:00:00,772.03,46.45,0.06,0.08,1,688.12,14.74,21.58,1,Winter,peak hour,0.22,169.85
2012-12-23 23:00:00,101.19,12.77,0.07,0.09,0.69,55.94,14.71,16.92,1,Winter,off-peak hour,0.10,10.12
2012-12-24 0:00:00,89.19,3.98,0.06,0.07,0.13,55.68,14.73,14.54,1,Winter,off-peak hour,0.10,8.92
2012-12-24 1:00:00,103.4,12.14,0.06,0.07,0.13,55.51,14.71,20.78,1,Winter,off-peak hour,0.10,10.34
2012-12-24 2:00:00,134.71,49.23,0.07,0.09,0.15,55.67,14.83,14.67,1,Winter,off-peak hour,0.10,13.47
2012-12-24 3:00:00,315.12,15,0.06,0.08,0.14,268.85,14.76,16.23,1,Winter,off-peak hour,0.10,31.51
2012-12-24 4:00:00,175.27,3.98,0.05,0.08,0.14,135.79,14.78,20.45,1,Winter,off-peak hour,0.10,17.53
2012-12-24 5:00:00,127.84,3.94,0.05,0.07,0.13,96.25,14.68,12.72,1,Winter,off-peak hour,0.10,12.78
2012-12-24 6:00:00,126.55,36.07,0.06,0.08,0.14,58.41,14.09,17.7,1,Winter,off-peak hour,0.10,12.66
2012-12-24 7:00:00,158.3,32.25,0.06,0.09,0.14,97.14,9.72,18.9,0,Winter,off-peak hour,0.10,15.83
2012-12-24 8:00:00,313.16,3.92,0.07,0.08,48.54,237.93,9.95,12.67,0,Winter,off-peak hour,0.10,31.32
2012-12-24 9:00:00,169.33,3.84,0.06,0.09,0.14,137.72,8.13,19.35,0,Winter,off-peak hour,0.10,16.93
2012-12-24 10:00:00,138.33,35.03,0.07,0.09,0.14,76.09,9.83,17.08,0,Winter,off-peak hour,0.10,13.83
2012-12-24 11:00:00,831.16,47.52,0.07,0.08,0.14,760.24,9.75,13.36,1,Winter,off-peak hour,0.10,83.12
2012-12-24 12:00:00,257.18,31.38,0.06,0.08,46.01,149.04,9.74,20.87,1,Winter,off-peak hour,0.10,25.72
2012-12-24 13:00:00,136.03,3.95,0.06,0.08,0.13,107.45,9.71,14.65,1,Winter,off-peak hour,0.10,13.60
2012-12-24 14:00:00,573.58,3.78,0.07,0.08,0.13,543.7,9.74,16.08,1,Winter,off-peak hour,0.10,57.36
2012-12-24 15:00:00,699.23,25.25,0.06,0.08,0.14,643.91,9.73,20.06,1,Winter,off-peak hour,0.10,69.92
2012-12-24 16:00:00,264.83,47.42,0.06,0.07,0.14,194.86,9.71,12.57,1,Winter,off-peak hour,0.10,26.48
2012-12-24 17:00:00,311.09,3.91,0.07,0.07,0.14,278.81,9.71,18.38,1,Winter,off-peak hour,0.10,31.11
2012-12-24 18:00:00,1718.86,34,0.06,0.1,0.13,1656.83,9.74,18,1,Winter,peak hour,0.22,378.15
2012-12-24 19:00:00,457.12,24.8,0.07,0.07,0.14,409.51,9.72,12.81,1,Winter,peak hour,0.22,100.57
2012-12-24 20:00:00,612.36,11.26,0.07,0.09,37.54,533,9.74,20.66,1,Winter,peak hour,0.22,134.72
2012-12-24 21:00:00,562.54,31.26,0.06,0.08,0.14,385.8,129.65,15.55,1,Winter,peak hour,0.22,123.76
2012-12-24 22:00:00,857.13,1.27,0.06,0.09,0.13,640.25,200.44,14.89,1,Winter,peak hour,0.22,188.57
2012-12-24 23:00:00,996.58,40.19,0.06,0.11,0.15,835.97,99.47,20.63,1,Winter,off-peak hour,0.10,99.66
2012-12-25 0:00:00,114.42,3.97,0.08,0.08,0.13,80.11,16.3,13.75,1,Winter,off-peak hour,0.10,11.44
2012-12-25 1:00:00,117.13,33.72,0.07,0.07,0.14,52.05,14.73,16.35,1,Winter,off-peak hour,0.10,11.71
2012-12-25 2:00:00,92.61,3.98,0.07,0.06,0.14,53.2,14.77,20.39,1,Winter,off-peak hour,0.10,9.26
2012-12-25 3:00:00,113.24,32.4,0.07,0.09,0.14,53,14.73,12.81,1,Winter,off-peak hour,0.10,11.32
2012-12-25 4:00:00,755.43,3.97,0.06,0.09,0.13,718.92,14.77,17.49,1,Winter,off-peak hour,0.10,75.54
2012-12-25 5:00:00,170.96,32.18,0.06,0.07,0.13,104.75,14.81,18.96,1,Winter,off-peak hour,0.10,17.10
2012-12-25 6:00:00,150.99,3.85,0.07,0.08,0.13,123.42,11.01,12.43,1,Winter,off-peak hour,0.10,15.10
2012-12-25 7:00:00,380.83,32.67,0.07,0.07,0.14,318.91,9.71,19.26,1,Winter,off-peak hour,0.10,38.08
2012-12-25 8:00:00,483.56,6.94,0.07,0.08,94.08,355.06,9.85,17.48,1,Winter,off-peak hour,0.10,48.36
2012-12-25 9:00:00,135.05,35.18,0.05,0.09,0.14,76.74,9.72,13.13,0,Winter,off-peak hour,0.10,13.51
2012-12-25 10:00:00,215.48,9.55,0.06,0.08,0.13,175.9,9.26,20.5,0,Winter,off-peak hour,0.10,21.55
2012-12-25 11:00:00,703.36,34.16,0.07,0.05,0.14,643.96,9.69,15.29,1,Winter,off-peak hour,0.10,70.34
2012-12-25 12:00:00,563.01,11.62,0.06,0.06,0.14,525.9,9.71,15.52,1,Winter,off-peak hour,0.10,56.30
2012-12-25 13:00:00,602.97,28.96,0.06,0.07,33.92,509.86,9.71,20.39,1,Winter,off-peak hour,0.10,60.30
2012-12-25 14:00:00,227.32,13.93,0.07,0.08,0.14,190.15,9.74,13.21,1,Winter,off-peak hour,0.10,22.73
2012-12-25 15:00:00,108.07,25.45,0.07,0.07,0.14,55.38,9.72,17.24,1,Winter,off-peak hour,0.10,10.81
2012-12-25 16:00:00,332.61,14.13,0.06,0.07,0.13,289.52,9.73,18.97,1,Winter,off-peak hour,0.10,33.26
2012-12-25 17:00:00,986.07,26.53,0.06,0.08,0.14,938.69,7.85,12.72,1,Winter,off-peak hour,0.10,98.61
2012-12-25 18:00:00,1271.39,33.54,0.07,0.07,0.14,1208.46,9.89,19.22,1,Winter,peak hour,0.22,279.71
2012-12-25 19:00:00,513.87,14.58,0.06,0.08,0.74,471.32,9.72,17.37,1,Winter,peak hour,0.22,113.05
2012-12-25 20:00:00,620,22.92,0.06,0.07,52.17,521.88,9.72,13.18,1,Winter,peak hour,0.22,136.40
2012-12-25 21:00:00,512.35,30.47,0.07,0.08,0.13,274.19,186.58,20.83,1,Winter,peak hour,0.22,112.72
2012-12-25 22:00:00,483.6,26.14,0.05,0.07,0.13,245.38,196.71,15.12,1,Winter,peak hour,0.22,106.39
2012-12-25 23:00:00,1009.91,22.23,0.07,0.09,0.14,916.57,55.64,15.17,1,Winter,off-peak hour,0.10,100.99
2012-12-26 0:00:00,662.86,12.95,0.07,0.07,0.13,614.36,14.75,20.53,1,Winter,off-peak hour,0.10,66.29
2012-12-26 1:00:00,110.37,27.32,0.07,0.08,0.14,54.36,14.72,13.68,1,Winter,off-peak hour,0.10,11.04
2012-12-26 2:00:00,93.9,8.26,0.07,0.08,0.14,54.03,14.79,16.53,1,Winter,off-peak hour,0.10,9.39
2012-12-26 3:00:00,116.99,28.46,0.06,0.07,0.14,53.43,14.81,20.02,1,Winter,off-peak hour,0.10,11.70
2012-12-26 4:00:00,88.41,7.19,0.06,0.07,0.13,53.38,14.84,12.74,1,Winter,off-peak hour,0.10,8.84
2012-12-26 5:00:00,722.43,28.05,0.06,0.08,0.14,660.4,14.78,18.92,1,Winter,off-peak hour,0.10,72.24
2012-12-26 6:00:00,384.47,7.86,0.07,0.09,0.14,345.8,13.46,17.05,1,Winter,off-peak hour,0.10,38.45
2012-12-26 7:00:00,261.26,27.03,0.07,0.08,0.15,211.05,9.7,13.18,1,Winter,off-peak hour,0.10,26.13
2012-12-26 8:00:00,515.24,8.88,0.08,0.07,50.54,425.12,9.74,20.81,0,Winter,off-peak hour,0.10,51.52
2012-12-26 9:00:00,404.15,43.66,0.07,0.08,0.14,335.08,9.72,15.4,0,Winter,off-peak hour,0.10,40.42
2012-12-26 10:00:00,1284.02,3.85,306.78,0.08,0.15,948.71,9.33,15.12,1,Winter,off-peak hour,0.10,128.40
2012-12-26 11:00:00,1641.42,40.52,776.65,0.07,0.14,793.76,9.76,20.52,1,Winter,off-peak hour,0.10,164.14
2012-12-26 12:00:00,600.23,11.8,459.34,0.08,0.14,105.62,9.7,13.55,1,Winter,off-peak hour,0.10,60.02
2012-12-26 13:00:00,121.2,27.07,2.04,0.08,0.14,65.65,9.31,16.91,1,Winter,off-peak hour,0.10,12.12
2012-12-26 14:00:00,97.19,16.04,0.05,0.09,0.13,56.96,3.86,20.06,1,Winter,off-peak hour,0.10,9.72
2012-12-26 15:00:00,94.99,21.52,0.06,0.08,0.13,59.6,1,12.6,0,Winter,off-peak hour,0.10,9.50
2012-12-26 16:00:00,96.26,17.35,0.06,0.07,0.14,59.29,1,18.35,0,Winter,off-peak hour,0.10,9.63
2012-12-26 17:00:00,98.86,19.94,0.05,0.08,0.14,58.53,2.24,17.88,0,Winter,off-peak hour,0.10,9.89
2012-12-26 18:00:00,114.56,15.74,0.07,0.09,0.14,78.75,6.8,12.97,0,Winter,peak hour,0.22,25.20
2012-12-26 19:00:00,135.24,20.77,0.06,0.07,0.14,92.93,1.08,20.19,0,Winter,peak hour,0.22,29.75
2012-12-26 20:00:00,90.14,12.88,0.07,0.07,0.13,59.66,1,16.33,0,Winter,peak hour,0.22,19.83
2012-12-26 21:00:00,200.87,23.56,0.07,0.07,0.36,162.18,1,13.63,0,Winter,peak hour,0.22,44.19
2012-12-26 22:00:00,108.66,19.65,0.06,0.07,1,65.74,1.46,20.68,0,Winter,peak hour,0.22,23.91
2012-12-26 23:00:00,101.05,19.72,0.07,0.09,1,64.12,0.58,15.47,0,Winter,off-peak hour,0.10,10.11
2012-12-27 0:00:00,96.93,17.04,0.07,0.09,1,54.16,9.71,14.86,0,Winter,off-peak hour,0.10,9.69
2012-12-27 1:00:00,106.38,20.96,0.06,0.08,1,53.93,9.73,20.62,0,Winter,off-peak hour,0.10,10.64
2012-12-27 2:00:00,91.52,12.53,0.07,0.08,1,54.5,9.7,13.64,0,Winter,off-peak hour,0.10,9.15
2012-12-27 3:00:00,106.54,24.89,0.06,0.08,1,54.01,9.71,16.79,0,Winter,off-peak hour,0.10,10.65
2012-12-27 4:00:00,219.99,7.57,0.07,0.09,1,181.82,9.72,19.72,0,Winter,off-peak hour,0.10,22.00
2012-12-27 5:00:00,379,30.64,0.07,0.09,1,324.79,9.73,12.68,1,Winter,off-peak hour,0.10,37.90
2012-12-27 6:00:00,153.83,3.84,0.07,0.09,1,120.49,9.72,18.62,0,Winter,off-peak hour,0.10,15.38
2012-12-27 7:00:00,237.98,32.84,0.06,0.09,1,176.71,9.72,17.56,0,Winter,off-peak hour,0.10,23.80
2012-12-27 8:00:00,377.55,9.74,0.08,0.08,1,344.17,9.72,12.76,0,Winter,off-peak hour,0.10,37.76
2012-12-27 9:00:00,256.97,31.05,0.08,0.09,0.24,198.84,5.55,21.12,0,Winter,off-peak hour,0.10,25.70
2012-12-27 10:00:00,122.64,3.94,0.08,0.09,0.13,102.22,1,15.18,0,Winter,off-peak hour,0.10,12.26
2012-12-27 11:00:00,570.5,46.2,0.08,0.08,51.89,456.24,1,15.01,0,Winter,off-peak hour,0.10,57.05
2012-12-27 12:00:00,590.43,8.85,0.07,0.08,0.14,559.38,1,20.91,0,Winter,off-peak hour,0.10,59.04
2012-12-27 13:00:00,652.79,39.3,0.06,0.07,61.1,538.72,1,12.54,1,Winter,off-peak hour,0.10,65.28
2012-12-27 14:00:00,900.91,11.63,0.07,0.09,0.12,869.46,1,18.54,0,Winter,off-peak hour,0.10,90.09
2012-12-27 15:00:00,522.03,50.32,0.08,0.09,0.13,452.96,1,17.45,0,Winter,off-peak hour,0.10,52.20
2012-12-27 16:00:00,290.28,19.76,0.07,0.07,0.13,256.52,1,12.73,0,Winter,off-peak hour,0.10,29.03
2012-12-27 17:00:00,1492.62,35.52,0.08,0.08,0.14,1435.12,1,20.68,1,Winter,off-peak hour,0.10,149.26
2012-12-27 18:00:00,564.28,18.12,0.07,0.09,0.13,529.04,1,15.83,1,Winter,peak hour,0.22,124.14
2012-12-27 19:00:00,665.06,28.54,0.07,0.08,105.97,515.28,1,14.12,1,Winter,peak hour,0.22,146.31
2012-12-27 20:00:00,524.39,20.37,0.07,0.08,0.13,482.34,1,20.4,1,Winter,peak hour,0.22,115.37
2012-12-27 21:00:00,763.96,23.18,0.07,0.08,0.13,572.89,153.02,14.59,1,Winter,peak hour,0.22,168.07
2012-12-27 22:00:00,940.74,24.27,0.07,0.07,0.14,852.03,48.19,15.97,1,Winter,peak hour,0.22,206.96
2012-12-27 23:00:00,98.24,7.67,0.08,0.09,0.15,55.03,14.76,20.46,1,Winter,off-peak hour,0.10,9.82
2012-12-28 0:00:00,116.59,35.37,0.07,0.09,0.13,53.51,14.7,12.72,1,Winter,off-peak hour,0.10,11.66
2012-12-28 1:00:00,90.32,4,0.08,0.08,0.15,53.69,14.66,17.66,1,Winter,off-peak hour,0.10,9.03
2012-12-28 2:00:00,126.81,38.62,0.08,0.09,0.15,54.06,14.77,19.04,1,Winter,off-peak hour,0.10,12.68
2012-12-28 3:00:00,85.79,4.13,0.08,0.1,0.15,54,14.76,12.57,1,Winter,off-peak hour,0.10,8.58
2012-12-28 4:00:00,889.18,20.16,0.08,0.09,0.15,834.65,14.77,19.28,1,Winter,off-peak hour,0.10,88.92
2012-12-28 5:00:00,255.3,21.95,0.08,0.07,0.14,201.2,14.76,17.1,1,Winter,off-peak hour,0.10,25.53
2012-12-28 6:00:00,88.76,3.92,0.08,0.07,0.14,56.27,14.74,13.54,1,Winter,off-peak hour,0.10,8.88
2012-12-28 7:00:00,172.52,38.1,0.08,0.09,0.14,98.65,14.75,20.71,1,Winter,off-peak hour,0.10,17.25
2012-12-28 8:00:00,624.66,4.15,188.16,0.08,93.31,310.59,13.95,14.42,1,Winter,off-peak hour,0.10,62.47
2012-12-28 9:00:00,1817.98,38.33,742.96,0.09,0.14,1019.09,1,16.37,1,Winter,off-peak hour,0.10,181.80
2012-12-28 10:00:00,1464.55,4.22,793.37,0.08,0.14,638.15,8.82,19.77,1,Winter,off-peak hour,0.10,146.46
2012-12-28 11:00:00,1001.51,42.32,255.18,0.08,0.15,676.29,14.77,12.72,1,Winter,off-peak hour,0.10,100.15
2012-12-28 12:00:00,120.72,3.95,0.08,0.08,0.14,82.61,14.74,19.12,1,Winter,off-peak hour,0.10,12.07
2012-12-28 13:00:00,115.98,26.61,0.08,0.09,0.13,57.21,14.76,17.1,1,Winter,off-peak hour,0.10,11.60
2012-12-28 14:00:00,83.69,11.98,0.08,0.09,0.14,43.29,14.78,13.33,1,Winter,off-peak hour,0.10,8.37
2012-12-28 15:00:00,94.77,16.03,0.07,0.09,0.14,43.21,14.74,20.49,1,Winter,off-peak hour,0.10,9.48
2012-12-28 16:00:00,95.67,22.87,0.07,0.07,0.14,42.78,14.62,15.12,1,Winter,off-peak hour,0.10,9.57
2012-12-28 17:00:00,78.87,3.92,0.06,0.08,0.14,44.35,14.65,15.67,1,Winter,off-peak hour,0.10,7.89
2012-12-28 18:00:00,138.37,34.96,0.07,0.09,0.15,67.85,14.75,20.5,1,Winter,peak hour,0.22,30.44
2012-12-28 19:00:00,108.32,3.92,0.06,0.08,0.13,79.45,12,12.68,1,Winter,peak hour,0.22,23.83
2012-12-28 20:00:00,111.14,35.18,0.08,0.08,0.14,42.84,14.9,17.92,1,Winter,peak hour,0.22,24.45
2012-12-28 21:00:00,81.59,4,0.08,0.07,0.13,44.4,14.56,18.35,1,Winter,peak hour,0.22,17.95
2012-12-28 22:00:00,94.39,23.4,0.07,0.08,0.14,43.35,14.69,12.66,1,Winter,peak hour,0.22,20.77
2012-12-28 23:00:00,94.9,16.92,0.07,0.07,0.13,42.89,14.71,20.11,1,Winter,off-peak hour,0.10,9.49
2012-12-29 0:00:00,88.43,13.63,0.06,0.09,0.14,43.48,14.71,16.32,1,Winter,off-peak hour,0.10,8.84
2012-12-29 1:00:00,101.84,29.99,0.07,0.09,0.14,42.98,14.73,13.84,1,Winter,off-peak hour,0.10,10.18
2012-12-29 2:00:00,86.12,6.97,0.08,0.09,0.15,43.33,14.76,20.74,1,Winter,off-peak hour,0.10,8.61
2012-12-29 3:00:00,108.22,36.26,0.08,0.08,0.14,42.55,14.74,14.37,1,Winter,off-peak hour,0.10,10.82
2012-12-29 4:00:00,81.12,6.86,0.08,0.07,0.14,43.05,14.73,16.19,1,Winter,off-peak hour,0.10,8.11
2012-12-29 5:00:00,113.65,36.61,0.08,0.09,0.14,42.19,14.71,19.83,1,Winter,off-peak hour,0.10,11.37
2012-12-29 6:00:00,82.18,6.72,0.08,0.1,0.14,47.88,14.7,12.56,1,Winter,off-peak hour,0.10,8.22
2012-12-29 7:00:00,144.4,27.6,0.08,0.08,0.14,88.44,9.22,18.84,1,Winter,off-peak hour,0.10,14.44
2012-12-29 8:00:00,104.92,15.56,0.07,54.41,0.14,2.46,14.77,17.51,1,Winter,off-peak hour,0.10,10.49
2012-12-29 9:00:00,88.45,17.63,0.07,43.12,0.14,0.09,14.71,12.78,1,Winter,off-peak hour,0.10,8.85
2012-12-29 10:00:00,105.26,26.19,0.07,26.49,0.15,17.8,14.02,20.54,1,Winter,off-peak hour,0.10,10.53
2012-12-29 11:00:00,105.87,6.64,0.07,0.07,0.15,82.78,0.53,15.63,1,Winter,off-peak hour,0.10,10.59
2012-12-29 12:00:00,147.3,35.6,0.08,0.08,0.14,95.9,1,14.5,1,Winter,off-peak hour,0.10,14.73
2012-12-29 13:00:00,96.38,4,0.08,0.85,0.14,69.64,1,20.67,1,Winter,off-peak hour,0.10,9.64
2012-12-29 14:00:00,108.86,36.14,0.09,1,0.14,56.41,1,14.08,1,Winter,off-peak hour,0.10,10.89
2012-12-29 15:00:00,78.85,4.04,0.07,1,0.14,56.29,1,16.31,1,Winter,off-peak hour,0.10,7.89
2012-12-29 16:00:00,106.57,28.25,0.06,1,0.14,55.98,1,20.14,1,Winter,off-peak hour,0.10,10.66
2012-12-29 17:00:00,81.42,10.78,0.07,1,0.14,55.79,1,12.64,1,Winter,off-peak hour,0.10,8.14
2012-12-29 18:00:00,117.94,16.14,0.07,15.85,0.14,66.34,1,18.4,1,Winter,peak hour,0.22,25.95
2012-12-29 19:00:00,131.97,22.82,0.07,28.28,0.14,61.83,1,17.83,1,Winter,peak hour,0.22,29.03
2012-12-29 20:00:00,75.83,4.69,0.06,0.06,0.14,57.03,1,12.85,1,Winter,peak hour,0.22,16.68
2012-12-29 21:00:00,114.34,35.83,0.06,0.06,0.14,56.61,1,20.64,1,Winter,peak hour,0.22,25.15
2012-12-29 22:00:00,80.61,6.96,0.07,0.07,0.14,56.66,1,15.71,1,Winter,peak hour,0.22,17.73
2012-12-29 23:00:00,109.08,37.15,0.07,0.08,0.14,56.09,1,14.55,1,Winter,off-peak hour,0.10,10.91
2012-12-30 0:00:00,85.45,6.93,0.08,0.08,0.14,56.75,1,20.47,1,Winter,off-peak hour,0.10,8.55
2012-12-30 1:00:00,99.93,28.11,0.07,0.07,0.14,56.53,1,14.01,1,Winter,off-peak hour,0.10,9.99
2012-12-30 2:00:00,91.57,15.69,0.06,0.07,0.14,57.98,1,16.63,1,Winter,off-peak hour,0.10,9.16
2012-12-30 3:00:00,95.27,17.66,0.08,0.08,0.14,56.45,1,19.86,1,Winter,off-peak hour,0.10,9.53
2012-12-30 4:00:00,96.26,25.46,0.08,0.08,0.14,56.86,1,12.64,1,Winter,off-peak hour,0.10,9.63
2012-12-30 5:00:00,83.25,6.89,0.08,0.09,0.14,56.23,1,18.82,1,Winter,off-peak hour,0.10,8.33
2012-12-30 6:00:00,118.01,36.86,0.08,0.07,0.14,62.37,1,17.49,1,Winter,off-peak hour,0.10,11.80
2012-12-30 7:00:00,117,6.93,0.07,0.08,0.15,96,1,12.77,1,Winter,off-peak hour,0.10,11.70
2012-12-30 8:00:00,130.65,36.89,0.05,0.07,0.15,72.01,1,20.48,1,Winter,off-peak hour,0.10,13.07
2012-12-30 9:00:00,81.97,7.08,0.07,0.07,0.15,57.08,1.24,16.28,1,Winter,off-peak hour,0.10,8.20
2012-12-30 10:00:00,102.61,30.45,0.08,0.07,0.14,48.37,9.66,13.84,1,Winter,off-peak hour,0.10,10.26
2012-12-30 11:00:00,118.42,13.93,0.08,0.07,0.14,73.86,9.7,20.64,1,Winter,off-peak hour,0.10,11.84
2012-12-30 12:00:00,133.5,21.39,0.07,0.07,0.14,87.06,9.69,15.08,1,Winter,off-peak hour,0.10,13.35
2012-12-30 13:00:00,108.96,21.41,0.07,62.36,0.14,0.09,9.7,15.28,1,Winter,off-peak hour,0.10,10.90
2012-12-30 14:00:00,85.13,5.4,0.08,45.46,0.14,3.84,9.73,20.48,1,Winter,off-peak hour,0.10,8.51
2012-12-30 15:00:00,106.92,34.82,0.07,48.43,0.14,0.1,9.7,13.76,1,Winter,off-peak hour,0.10,10.69
2012-12-30 16:00:00,78.82,4.01,0.07,0.07,0.14,48.42,9.71,16.4,1,Winter,off-peak hour,0.10,7.88
2012-12-30 17:00:00,114.47,35.79,0.07,0.07,0.14,48.54,9.9,19.96,1,Winter,off-peak hour,0.10,11.45
2012-12-30 18:00:00,103.08,5.56,0.07,0.07,0.14,74.62,9.89,12.73,1,Winter,peak hour,0.22,22.68
2012-12-30 19:00:00,140.28,30.12,0.08,0.07,0.14,81.8,9.75,18.32,1,Winter,peak hour,0.22,30.86
2012-12-30 20:00:00,89.2,12.96,0.08,0.07,0.14,48.19,9.68,18.08,1,Winter,peak hour,0.22,19.62
2012-12-30 21:00:00,91.3,20.58,0.07,0.07,0.14,48.18,9.63,12.63,1,Winter,peak hour,0.22,20.09
2012-12-30 22:00:00,100.82,22.53,0.07,0.08,0.14,48.22,9.67,20.11,1,Winter,peak hour,0.22,22.18
2012-12-30 23:00:00,85.19,10.14,0.06,0.06,0.15,48.56,9.72,16.5,1,Winter,off-peak hour,0.10,8.52
2012-12-31 0:00:00,104.91,33.35,0.07,0.08,0.14,47.83,9.73,13.71,1,Winter,off-peak hour,0.10,10.49
2012-12-31 1:00:00,86.71,6.89,0.07,0.08,0.14,49.1,9.72,20.71,1,Winter,off-peak hour,0.10,8.67
2012-12-31 2:00:00,108.6,36.62,0.07,0.08,0.14,47.65,9.7,14.34,1,Winter,off-peak hour,0.10,10.86
2012-12-31 3:00:00,80.84,6.97,0.08,0.09,0.14,48.19,9.69,15.68,1,Winter,off-peak hour,0.10,8.08
2012-12-31 4:00:00,112.42,33.95,0.07,0.08,0.15,47.93,9.71,20.53,1,Winter,off-peak hour,0.10,11.24
2012-12-31 5:00:00,79.95,9.14,0.07,0.08,0.15,47.7,9.72,13.09,1,Winter,off-peak hour,0.10,8.00
2012-12-31 6:00:00,104.54,24.03,0.07,0.08,0.14,53.34,9.7,17.18,1,Winter,off-peak hour,0.10,10.45
2012-12-31 7:00:00,134.97,19.3,0.07,0.08,0.14,86.58,9.73,19.07,1,Winter,off-peak hour,0.10,13.50
2012-12-31 8:00:00,96.67,12.3,0.08,0.07,0.14,61.79,9.8,12.49,1,Winter,off-peak hour,0.10,9.67
2012-12-31 9:00:00,108.53,30.71,0.08,0.08,0.15,48.06,9.99,19.46,1,Winter,off-peak hour,0.10,10.85
2012-12-31 10:00:00,82.08,6.92,0.07,0.08,0.14,48.18,9.71,16.98,1,Winter,off-peak hour,0.10,8.21
2012-12-31 11:00:00,133.24,37.2,0.08,0.09,0.15,73.09,9.69,12.94,1,Winter,off-peak hour,0.10,13.32
2012-12-31 12:00:00,124.64,6.96,0.08,0.07,0.15,87,9.72,20.66,1,Winter,off-peak hour,0.10,12.46
2012-12-31 13:00:00,123.39,37,0.07,0.08,0.15,60.69,9.67,15.73,1,Winter,off-peak hour,0.10,12.34
2012-12-31 14:00:00,79.16,6.68,0.08,0.07,0.14,48.16,9.32,14.71,1,Winter,off-peak hour,0.10,7.92
2012-12-31 15:00:00,100.35,22.58,0.06,0.08,0.14,47.22,9.73,20.54,1,Winter,off-peak hour,0.10,10.04
2012-12-31 16:00:00,88.92,17.07,0.08,0.07,0.13,48.07,9.71,13.79,1,Winter,off-peak hour,0.10,8.89
2012-12-31 17:00:00,272.1,13.24,0.08,0.08,0.53,231.78,9.74,16.65,1,Winter,off-peak hour,0.10,27.21
2012-12-31 18:00:00,703.24,31.06,0.07,0.07,1,641.83,9.73,19.48,1,Winter,peak hour,0.22,154.71
2012-12-31 19:00:00,310.16,7.6,0.07,0.07,1,279.11,9.7,12.61,1,Winter,peak hour,0.22,68.24
2012-12-31 20:00:00,825.64,35.92,0.08,0.07,1,760.01,9.67,18.89,1,Winter,peak hour,0.22,181.64
2012-12-31 21:00:00,345.37,6.84,0.07,0.07,1,310.11,9.64,17.64,1,Winter,peak hour,0.22,75.98
2012-12-31 22:00:00,111.59,20.36,0.07,0.07,1,0.09,77.38,12.71,1,Winter,peak hour,0.22,24.55
2012-12-31 23:00:00,84.73,6.9,0.08,0.08,0.33,0.09,56.78,20.56,1,Winter,off-peak hour,0.10,8.47